Date,Price,Open,High,Low,Vol.,Change %
2020-08-26,57.98,57.98,57.98,57.98,10.0,-0.029900000000000003
2020-08-27,57.89833333333333,57.89833333333333,57.89833333333333,57.89833333333333,0.0,0.0
2020-08-28,57.81666666666666,57.81666666666666,57.81666666666666,57.81666666666666,0.0,0.0
2020-08-31,57.735,57.735,57.735,57.735,0.0,0.0
2020-09-01,57.65333333333333,57.65333333333333,57.65333333333333,57.65333333333333,0.0,0.0
2020-09-02,57.571666666666665,57.571666666666665,57.571666666666665,57.571666666666665,0.0,0.0
2020-09-03,57.489999999999995,57.489999999999995,57.489999999999995,57.489999999999995,0.0,0.0
2020-09-04,57.40833333333333,57.40833333333333,57.40833333333333,57.40833333333333,0.0,0.0
2020-09-07,57.32666666666667,57.32666666666667,57.32666666666667,57.32666666666667,0.0,0.0
2020-09-08,57.245,57.245,57.245,57.245,0.0,0.0
2020-09-09,57.163333333333334,57.163333333333334,57.163333333333334,57.163333333333334,0.0,0.0
2020-09-10,57.08166666666666,57.08166666666666,57.08166666666666,57.08166666666666,0.0,0.0
2020-09-11,57.0,57.0,57.0,57.0,20.0,-0.0169
2020-09-14,57.0,57.0,57.0,57.0,0.0,0.0
2020-09-15,57.0,57.0,57.0,57.0,10.0,0.0
2020-09-16,56.833333333333336,56.833333333333336,56.833333333333336,56.833333333333336,0.0,0.0
2020-09-17,56.666666666666664,56.666666666666664,56.666666666666664,56.666666666666664,0.0,0.0
2020-09-18,56.5,56.5,56.5,56.5,160.0,-0.0088
2020-09-21,56.833333333333336,56.833333333333336,56.833333333333336,56.833333333333336,0.0,0.0
2020-09-22,57.166666666666664,57.166666666666664,57.166666666666664,57.166666666666664,0.0,0.0
2020-09-23,57.5,57.5,57.5,57.5,20.0,0.0177
2020-09-24,57.98,57.98,57.98,57.98,20.0,0.0083
2020-09-25,57.98,57.98,57.98,57.98,20.0,0.0
2020-09-28,57.959999999999994,57.959999999999994,57.959999999999994,57.959999999999994,0.0,0.0
2020-09-29,57.94,57.94,57.94,57.94,0.0,0.0
2020-09-30,57.92,57.92,57.92,57.92,0.0,0.0
2020-10-01,57.9,57.9,57.9,57.9,0.0,-0.0014000000000000002
2020-10-02,57.9,57.9,57.9,57.9,20.0,0.0
2020-10-05,57.7,57.7,57.7,57.7,0.0,0.0
2020-10-06,57.5,57.5,57.5,57.5,20.0,-0.0069
2020-10-07,57.5,57.5,57.5,57.5,20.0,0.0
2020-10-08,57.62,57.62,57.62,57.62,0.0,0.0
2020-10-09,57.739999999999995,57.739999999999995,57.739999999999995,57.739999999999995,0.0,0.0
2020-10-12,57.86,57.86,57.86,57.86,0.0,0.0
2020-10-13,57.98,57.98,57.98,57.98,20.0,0.0083
2020-10-14,57.98,57.98,57.98,57.98,0.0,0.0
2020-10-15,57.98,57.98,57.98,57.98,0.0,0.0
2020-10-16,57.98,57.98,57.98,57.98,10.0,0.0
2020-10-19,57.98,57.98,57.98,57.98,0.0,0.0
2020-10-20,57.98,57.98,57.98,57.98,0.0,0.0
2020-10-21,57.98,57.98,57.98,57.98,0.0,0.0
2020-10-22,57.98,57.98,57.98,57.98,0.0,0.0
2020-10-23,57.98,57.98,57.98,57.98,0.0,0.0
2020-10-26,57.98,57.98,57.98,57.98,0.0,0.0
2020-10-27,57.98,57.98,57.98,57.98,0.0,0.0
2020-10-28,57.98,57.98,57.98,57.98,0.0,0.0
2020-10-29,57.98,57.98,57.98,57.98,0.0,0.0
2020-10-30,57.98,57.98,57.98,57.98,0.0,0.0
2020-11-02,57.98,57.98,57.98,57.98,0.0,0.0
2020-11-03,57.98,57.98,57.98,57.98,10.0,0.0
2020-11-04,57.98,57.98,57.98,57.98,510.0,0.0
2020-11-05,58.065,58.065,58.065,58.065,0.0,0.0
2020-11-06,58.15,58.15,58.15,58.15,0.0,0.0
2020-11-09,58.235,58.235,58.235,58.235,0.0,0.0
2020-11-10,58.32,58.32,58.32,58.32,0.0,0.0
2020-11-11,58.405,58.405,58.405,58.405,0.0,0.0
2020-11-12,58.489999999999995,58.489999999999995,58.489999999999995,58.489999999999995,0.0,0.0
2020-11-13,58.574999999999996,58.574999999999996,58.574999999999996,58.574999999999996,0.0,0.0
2020-11-16,58.66,58.66,58.66,58.66,0.0,0.0
2020-11-17,58.745,58.745,58.745,58.745,0.0,0.0
2020-11-18,58.83,58.83,58.83,58.83,0.0,0.0
2020-11-19,58.915,58.915,58.915,58.915,0.0,0.0
2020-11-20,59.0,59.0,59.0,59.0,10.0,0.0176
2020-11-23,59.0,59.0,59.0,59.0,0.0,0.0
2020-11-24,59.0,59.0,59.0,59.0,0.0,0.0
2020-11-25,59.0,59.0,59.0,59.0,20.0,0.0
2020-11-26,59.0,59.0,59.0,59.0,0.0,0.0
2020-11-27,59.0,59.0,59.0,59.0,0.0,0.0
2020-11-30,59.0,59.0,59.0,59.0,0.0,0.0
2020-12-01,59.0,59.0,59.0,59.0,0.0,0.0
2020-12-02,59.0,59.0,59.0,59.0,0.0,0.0
2020-12-03,59.0,59.0,59.0,59.0,0.0,0.0
2020-12-04,59.0,59.0,59.0,59.0,0.0,0.0
2020-12-07,59.0,59.0,59.0,59.0,0.0,0.0
2020-12-08,59.0,59.0,59.0,59.0,0.0,0.0
2020-12-09,59.0,59.0,59.0,59.0,0.0,0.0
2020-12-10,59.0,59.0,59.0,59.0,20.0,0.0
2020-12-11,58.75,58.75,58.75,58.75,0.0,0.0
2020-12-14,58.5,58.5,58.5,58.5,0.0,0.0
2020-12-15,58.25,58.25,58.25,58.25,0.0,0.0
2020-12-16,58.0,58.0,58.0,58.0,80.0,-0.0169
2020-12-17,59.0,59.0,59.0,59.0,80.0,0.0172
2020-12-18,59.0,59.0,59.0,59.0,0.0,0.0
2020-12-21,59.0,59.0,59.0,59.0,20.0,0.0
2020-12-22,59.0,59.0,59.0,59.0,0.0,0.0
2020-12-23,59.0,59.0,59.0,59.0,20.0,0.0
2020-12-24,59.0,59.0,59.0,59.0,40.0,0.0
2020-12-25,59.25,59.25,59.25,59.25,0.0,0.0
2020-12-28,59.5,59.5,59.5,59.5,20.0,0.0085
2020-12-29,59.5,59.5,59.5,59.5,60.0,0.0
2020-12-30,59.5,59.5,59.5,59.5,360.0,0.0
2020-12-31,59.5,59.5,59.5,59.5,0.0,0.0
2021-01-01,59.5,59.5,59.5,59.5,0.0,0.0
2021-01-04,59.5,59.5,59.5,59.5,0.0,0.0
2021-01-05,59.5,59.5,59.5,59.5,0.0,0.0
2021-01-06,59.5,59.5,59.5,59.5,0.0,0.0
2021-01-07,59.5,59.5,59.5,59.5,0.0,0.0
2021-01-08,59.5,59.5,59.5,59.5,0.0,0.0
2021-01-11,59.5,59.5,59.5,59.5,0.0,0.0
2021-01-12,59.5,59.5,59.5,59.5,0.0,0.0
2021-01-13,59.5,59.5,59.5,59.5,0.0,0.0
2021-01-14,59.5,59.5,59.5,59.5,0.0,0.0
2021-01-15,59.5,59.5,59.5,59.5,10.0,0.0
2021-01-18,59.25,59.25,59.25,59.25,0.0,0.0
2021-01-19,59.0,59.0,59.0,59.0,30.0,-0.0084
2021-01-20,59.0,59.0,59.0,59.0,0.0,0.0
2021-01-21,59.0,59.0,59.0,59.0,0.0,0.0
2021-01-22,59.0,59.0,59.0,59.0,0.0,0.0
2021-01-25,59.0,59.0,59.0,59.0,0.0,0.0
2021-01-26,59.0,59.0,59.0,59.0,0.0,0.0
2021-01-27,59.0,59.0,59.0,59.0,0.0,0.0
2021-01-28,59.0,59.0,59.0,59.0,0.0,0.0
2021-01-29,59.0,59.0,59.0,59.0,0.0,0.0
2021-02-01,59.0,59.0,59.0,59.0,0.0,0.0
2021-02-02,59.0,59.0,59.0,59.0,0.0,0.0
2021-02-03,59.0,59.0,59.0,59.0,0.0,0.0
2021-02-04,59.0,59.0,59.0,59.0,2000.0,0.0
2021-02-05,59.0,59.0,59.0,59.0,0.0,0.0
2021-02-08,59.0,59.0,59.0,59.0,0.0,0.0
2021-02-09,59.0,59.0,59.0,59.0,0.0,0.0
2021-02-10,59.0,59.0,59.0,59.0,0.0,0.0
2021-02-11,59.0,59.0,59.0,59.0,0.0,0.0
2021-02-12,59.0,59.0,59.0,59.0,0.0,0.0
2021-02-15,59.0,59.0,59.0,59.0,0.0,0.0
2021-02-16,59.0,59.0,59.0,59.0,0.0,0.0
2021-02-17,59.0,59.0,59.0,59.0,0.0,0.0
2021-02-18,59.0,59.0,59.0,59.0,0.0,0.0
2021-02-19,59.0,59.0,59.0,59.0,0.0,0.0
2021-02-22,59.0,59.0,59.0,59.0,0.0,0.0
2021-02-23,59.0,59.0,59.0,59.0,0.0,0.0
2021-02-24,59.0,59.0,59.0,59.0,0.0,0.0
2021-02-25,59.0,59.0,59.0,59.0,0.0,0.0
2021-02-26,59.0,59.0,59.0,59.0,0.0,0.0
2021-03-01,59.0,59.0,59.0,59.0,0.0,0.0
2021-03-02,59.0,59.0,59.0,59.0,0.0,0.0
2021-03-03,59.0,59.0,59.0,59.0,0.0,0.0
2021-03-04,59.0,59.0,59.0,59.0,0.0,0.0
2021-03-05,59.0,59.0,59.0,59.0,0.0,0.0
2021-03-08,59.0,59.0,59.0,59.0,0.0,0.0
2021-03-09,59.0,59.0,59.0,59.0,0.0,0.0
2021-03-10,59.0,59.0,59.0,59.0,0.0,0.0
2021-03-11,59.0,59.0,59.0,59.0,0.0,0.0
2021-03-12,59.0,59.0,59.0,59.0,0.0,0.0
2021-03-15,59.0,59.0,59.0,59.0,0.0,0.0
2021-03-16,59.0,59.0,59.0,59.0,0.0,0.0
2021-03-17,59.0,59.0,59.0,59.0,0.0,0.0
2021-03-18,59.0,59.0,59.0,59.0,0.0,0.0
2021-03-19,59.0,59.0,59.0,59.0,0.0,0.0
2021-03-22,59.0,59.0,59.0,59.0,0.0,0.0
2021-03-23,59.0,59.0,59.0,59.0,0.0,0.0
2021-03-24,59.00021276595745,59.00021276595745,59.00021276595745,59.00021276595745,0.0,0.0
2021-03-25,59.00042553191489,59.00042553191489,59.00042553191489,59.00042553191489,0.0,0.0
2021-03-26,59.00063829787234,59.00063829787234,59.00063829787234,59.00063829787234,0.0,0.0
2021-03-29,59.000851063829785,59.000851063829785,59.000851063829785,59.000851063829785,0.0,0.0
2021-03-30,59.001063829787235,59.001063829787235,59.001063829787235,59.001063829787235,0.0,0.0
2021-03-31,59.00127659574468,59.00127659574468,59.00127659574468,59.00127659574468,0.0,0.0
2021-04-01,59.00148936170213,59.00148936170213,59.00148936170213,59.00148936170213,0.0,0.0
2021-04-02,59.00170212765958,59.00170212765958,59.00170212765958,59.00170212765958,0.0,0.0
2021-04-05,59.00191489361702,59.00191489361702,59.00191489361702,59.00191489361702,0.0,0.0
2021-04-06,59.00212765957447,59.00212765957447,59.00212765957447,59.00212765957447,0.0,0.0
2021-04-07,59.00234042553191,59.00234042553191,59.00234042553191,59.00234042553191,0.0,0.0
2021-04-08,59.00255319148936,59.00255319148936,59.00255319148936,59.00255319148936,0.0,0.0
2021-04-09,59.002765957446805,59.002765957446805,59.002765957446805,59.002765957446805,0.0,0.0
2021-04-12,59.002978723404254,59.002978723404254,59.002978723404254,59.002978723404254,0.0,0.0
2021-04-13,59.003191489361704,59.003191489361704,59.003191489361704,59.003191489361704,0.0,0.0
2021-04-14,59.00340425531915,59.00340425531915,59.00340425531915,59.00340425531915,0.0,0.0
2021-04-15,59.0036170212766,59.0036170212766,59.0036170212766,59.0036170212766,0.0,0.0
2021-04-16,59.00382978723404,59.00382978723404,59.00382978723404,59.00382978723404,0.0,0.0
2021-04-19,59.00404255319149,59.00404255319149,59.00404255319149,59.00404255319149,0.0,0.0
2021-04-20,59.00425531914893,59.00425531914893,59.00425531914893,59.00425531914893,0.0,0.0
2021-04-21,59.00446808510638,59.00446808510638,59.00446808510638,59.00446808510638,0.0,0.0
2021-04-22,59.00468085106383,59.00468085106383,59.00468085106383,59.00468085106383,0.0,0.0
2021-04-23,59.004893617021274,59.004893617021274,59.004893617021274,59.004893617021274,0.0,0.0
2021-04-26,59.005106382978724,59.005106382978724,59.005106382978724,59.005106382978724,0.0,0.0
2021-04-27,59.00531914893617,59.00531914893617,59.00531914893617,59.00531914893617,0.0,0.0
2021-04-28,59.005531914893616,59.005531914893616,59.005531914893616,59.005531914893616,0.0,0.0
2021-04-29,59.005744680851066,59.005744680851066,59.005744680851066,59.005744680851066,0.0,0.0
2021-04-30,59.00595744680851,59.00595744680851,59.00595744680851,59.00595744680851,0.0,0.0
2021-05-03,59.00617021276596,59.00617021276596,59.00617021276596,59.00617021276596,0.0,0.0
2021-05-04,59.0063829787234,59.0063829787234,59.0063829787234,59.0063829787234,0.0,0.0
2021-05-05,59.00659574468085,59.00659574468085,59.00659574468085,59.00659574468085,0.0,0.0
2021-05-06,59.006808510638294,59.006808510638294,59.006808510638294,59.006808510638294,0.0,0.0
2021-05-07,59.007021276595744,59.007021276595744,59.007021276595744,59.007021276595744,0.0,0.0
2021-05-10,59.00723404255319,59.00723404255319,59.00723404255319,59.00723404255319,0.0,0.0
2021-05-11,59.007446808510636,59.007446808510636,59.007446808510636,59.007446808510636,0.0,0.0
2021-05-12,59.007659574468086,59.007659574468086,59.007659574468086,59.007659574468086,0.0,0.0
2021-05-13,59.00787234042553,59.00787234042553,59.00787234042553,59.00787234042553,0.0,0.0
2021-05-14,59.00808510638298,59.00808510638298,59.00808510638298,59.00808510638298,0.0,0.0
2021-05-17,59.00829787234042,59.00829787234042,59.00829787234042,59.00829787234042,0.0,0.0
2021-05-18,59.00851063829787,59.00851063829787,59.00851063829787,59.00851063829787,0.0,0.0
2021-05-19,59.00872340425532,59.00872340425532,59.00872340425532,59.00872340425532,0.0,0.0
2021-05-20,59.00893617021276,59.00893617021276,59.00893617021276,59.00893617021276,0.0,0.0
2021-05-21,59.00914893617021,59.00914893617021,59.00914893617021,59.00914893617021,0.0,0.0
2021-05-24,59.009361702127656,59.009361702127656,59.009361702127656,59.009361702127656,0.0,0.0
2021-05-25,59.009574468085106,59.009574468085106,59.009574468085106,59.009574468085106,0.0,0.0
2021-05-26,59.00978723404255,59.00978723404255,59.00978723404255,59.00978723404255,0.0,0.0
2021-05-27,59.01,59.01,59.01,59.01,30.0,0.0002
2021-05-28,60.0,60.0,60.0,60.0,30.0,0.0168
2021-05-31,59.5,59.5,59.5,59.5,0.0,0.0
2021-06-01,59.0,59.0,59.0,59.0,10.0,-0.0167
2021-06-02,60.77,59.0,60.77,59.0,60.0,0.03
2021-06-03,60.67166666666667,59.0,60.67166666666667,59.0,0.0,0.0
2021-06-04,60.57333333333334,59.0,60.57333333333334,59.0,0.0,0.0
2021-06-07,60.475,59.0,60.475,59.0,0.0,0.0
2021-06-08,60.37666666666667,59.0,60.37666666666667,59.0,0.0,0.0
2021-06-09,60.278333333333336,59.0,60.278333333333336,59.0,0.0,0.0
2021-06-10,60.18,59.0,60.18,59.0,0.0,0.0
2021-06-11,60.08166666666667,59.0,60.08166666666667,59.0,0.0,0.0
2021-06-14,59.983333333333334,59.0,59.983333333333334,59.0,0.0,0.0
2021-06-15,59.885000000000005,59.0,59.885000000000005,59.0,0.0,0.0
2021-06-16,59.78666666666667,59.0,59.78666666666667,59.0,0.0,0.0
2021-06-17,59.68833333333333,59.0,59.68833333333333,59.0,0.0,0.0
2021-06-18,59.59,59.0,59.59,59.0,0.0,0.0
2021-06-21,59.49166666666667,59.0,59.49166666666667,59.0,0.0,0.0
2021-06-22,59.39333333333333,59.0,59.39333333333333,59.0,0.0,0.0
2021-06-23,59.295,59.0,59.295,59.0,0.0,0.0
2021-06-24,59.196666666666665,59.0,59.196666666666665,59.0,0.0,0.0
2021-06-25,59.098333333333336,59.0,59.098333333333336,59.0,0.0,0.0
2021-06-28,59.0,59.0,59.0,59.0,20.0,-0.0291
2021-06-29,58.872727272727275,58.872727272727275,58.872727272727275,58.872727272727275,0.0,0.0
2021-06-30,58.74545454545454,58.74545454545454,58.74545454545454,58.74545454545454,0.0,0.0
2021-07-01,58.61818181818182,58.61818181818182,58.61818181818182,58.61818181818182,0.0,0.0
2021-07-02,58.49090909090909,58.49090909090909,58.49090909090909,58.49090909090909,0.0,0.0
2021-07-05,58.36363636363637,58.36363636363637,58.36363636363637,58.36363636363637,0.0,0.0
2021-07-06,58.236363636363635,58.236363636363635,58.236363636363635,58.236363636363635,0.0,0.0
2021-07-07,58.10909090909091,58.10909090909091,58.10909090909091,58.10909090909091,0.0,0.0
2021-07-08,57.981818181818184,57.981818181818184,57.981818181818184,57.981818181818184,0.0,0.0
2021-07-09,57.85454545454546,57.85454545454546,57.85454545454546,57.85454545454546,0.0,0.0
2021-07-12,57.72727272727273,57.72727272727273,57.72727272727273,57.72727272727273,0.0,0.0
2021-07-13,57.6,57.6,57.6,57.6,0.0,0.0
2021-07-14,57.472727272727276,57.472727272727276,57.472727272727276,57.472727272727276,0.0,0.0
2021-07-15,57.345454545454544,57.345454545454544,57.345454545454544,57.345454545454544,0.0,0.0
2021-07-16,57.21818181818182,57.21818181818182,57.21818181818182,57.21818181818182,0.0,0.0
2021-07-19,57.09090909090909,57.09090909090909,57.09090909090909,57.09090909090909,0.0,0.0
2021-07-20,56.96363636363637,56.96363636363637,56.96363636363637,56.96363636363637,0.0,0.0
2021-07-21,56.836363636363636,56.836363636363636,56.836363636363636,56.836363636363636,0.0,0.0
2021-07-22,56.70909090909091,56.70909090909091,56.70909090909091,56.70909090909091,0.0,0.0
2021-07-23,56.581818181818186,56.581818181818186,56.581818181818186,56.581818181818186,0.0,0.0
2021-07-26,56.45454545454545,56.45454545454545,56.45454545454545,56.45454545454545,0.0,0.0
2021-07-27,56.32727272727273,56.32727272727273,56.32727272727273,56.32727272727273,0.0,0.0
2021-07-28,56.2,56.2,56.2,56.2,50.0,-0.0475
2021-07-29,56.2,56.2,56.2,56.2,0.0,0.0
2021-07-30,56.2,56.2,56.2,56.2,0.0,0.0
2021-08-02,56.2,56.2,56.2,56.2,0.0,0.0
2021-08-03,56.2,56.2,56.2,56.2,0.0,0.0
2021-08-04,56.2,56.2,56.2,56.2,0.0,0.0
2021-08-05,56.2,56.2,56.2,56.2,0.0,0.0
2021-08-06,56.2,56.2,56.2,56.2,0.0,0.0
2021-08-09,56.2,56.2,56.2,56.2,0.0,0.0
2021-08-10,56.2,56.2,56.2,56.2,0.0,0.0
2021-08-11,56.2,56.2,56.2,56.2,0.0,0.0
2021-08-12,56.2,56.2,56.2,56.2,0.0,0.0
2021-08-13,56.2,56.2,56.2,56.2,0.0,0.0
2021-08-16,56.2,56.2,56.2,56.2,0.0,0.0
2021-08-17,56.2,56.2,56.2,56.2,60.0,0.0
2021-08-18,56.2,56.2,56.2,56.2,0.0,0.0
2021-08-19,56.2,56.2,56.2,56.2,40.0,0.0
2021-08-20,56.2,56.2,56.2,56.2,40.0,0.0
2021-08-23,56.2,56.2,56.2,56.2,0.0,0.0
2021-08-24,56.2,56.2,56.2,56.2,0.0,0.0
2021-08-25,56.2,56.2,56.2,56.2,0.0,0.0
2021-08-26,56.2,56.2,56.2,56.2,0.0,0.0
2021-08-27,56.2,56.2,56.2,56.2,0.0,0.0
2021-08-30,56.2,56.2,56.2,56.2,0.0,0.0
2021-08-31,56.2,56.2,56.2,56.2,0.0,0.0
2021-09-01,56.2,56.2,56.2,56.2,0.0,0.0
2021-09-02,56.2,56.2,56.2,56.2,0.0,0.0
2021-09-03,56.2,56.2,56.2,56.2,0.0,0.0
2021-09-06,56.2,56.2,56.2,56.2,0.0,0.0
2021-09-07,56.2,56.2,56.2,56.2,0.0,0.0
2021-09-08,56.2,56.2,56.2,56.2,0.0,0.0
2021-09-09,56.2,56.2,56.2,56.2,0.0,0.0
2021-09-10,56.2,56.2,56.2,56.2,0.0,0.0
2021-09-13,56.2,56.2,56.2,56.2,0.0,0.0
2021-09-14,56.2,56.2,56.2,56.2,0.0,0.0
2021-09-15,56.2,56.2,56.2,56.2,0.0,0.0
2021-09-16,56.2,56.2,56.2,56.2,0.0,0.0
2021-09-17,56.2,56.2,56.2,56.2,0.0,0.0
2021-09-20,56.2,56.2,56.2,56.2,0.0,0.0
2021-09-21,56.2,56.2,56.2,56.2,0.0,0.0
2021-09-22,56.2,56.2,56.2,56.2,0.0,0.0
2021-09-23,56.2,56.2,56.2,56.2,0.0,0.0
2021-09-24,56.2,56.2,56.2,56.2,0.0,0.0
2021-09-27,56.2,56.2,56.2,56.2,0.0,0.0
2021-09-28,56.2,56.2,56.2,56.2,0.0,0.0
2021-09-29,56.2,56.2,56.2,56.2,0.0,0.0
2021-09-30,56.2,56.2,56.2,56.2,0.0,0.0
2021-10-01,56.2,56.2,56.2,56.2,0.0,0.0
2021-10-04,56.2,56.2,56.2,56.2,0.0,0.0
2021-10-05,56.2,56.2,56.2,56.2,0.0,0.0
2021-10-06,56.2,56.2,56.2,56.2,0.0,0.0
2021-10-07,56.2,56.2,56.2,56.2,0.0,0.0
2021-10-08,56.2,56.2,56.2,56.2,0.0,0.0
2021-10-11,56.2,56.2,56.2,56.2,0.0,0.0
2021-10-12,56.2,56.2,56.2,56.2,0.0,0.0
2021-10-13,56.2,56.2,56.2,56.2,0.0,0.0
2021-10-14,56.2,56.2,56.2,56.2,0.0,0.0
2021-10-15,56.2,56.2,56.2,56.2,0.0,0.0
2021-10-18,56.2,56.2,56.2,56.2,0.0,0.0
2021-10-19,56.2,56.2,56.2,56.2,0.0,0.0
2021-10-20,56.2,56.2,56.2,56.2,0.0,0.0
2021-10-21,56.2,56.2,56.2,56.2,0.0,0.0
2021-10-22,56.2,56.2,56.2,56.2,0.0,0.0
2021-10-25,56.2,56.2,56.2,56.2,0.0,0.0
2021-10-26,56.2,56.2,56.2,56.2,0.0,0.0
2021-10-27,56.2,56.2,56.2,56.2,0.0,0.0
2021-10-28,56.2,56.2,56.2,56.2,0.0,0.0
2021-10-29,56.2,56.2,56.2,56.2,5060.0,0.0
2021-11-01,56.2,56.2,56.2,56.2,0.0,0.0
2021-11-02,56.2,56.2,56.2,56.2,0.0,0.0
2021-11-03,56.2,56.2,56.2,56.2,0.0,0.0
2021-11-04,56.2,56.2,56.2,56.2,0.0,0.0
2021-11-05,56.2,56.2,56.2,56.2,0.0,0.0
2021-11-08,56.2,56.2,56.2,56.2,0.0,0.0
2021-11-09,56.2,56.2,56.2,56.2,0.0,0.0
2021-11-10,56.2,56.2,56.2,56.2,0.0,0.0
2021-11-11,56.2,56.2,56.2,56.2,0.0,0.0
2021-11-12,56.2,56.2,56.2,56.2,0.0,0.0
2021-11-15,56.2,56.2,56.2,56.2,0.0,0.0
2021-11-16,56.2,56.2,56.2,56.2,100.0,0.0
2021-11-17,56.2,56.2,56.2,56.2,0.0,0.0
2021-11-18,56.2,56.2,56.2,56.2,0.0,0.0
2021-11-19,56.2,56.2,56.2,56.2,0.0,0.0
2021-11-22,56.2,56.2,56.2,56.2,0.0,0.0
2021-11-23,56.2,56.2,56.2,56.2,0.0,0.0
2021-11-24,56.2,56.2,56.2,56.2,0.0,0.0
2021-11-25,56.2,56.2,56.2,56.2,0.0,0.0
2021-11-26,56.2,56.2,56.2,56.2,0.0,0.0
2021-11-29,56.2,56.2,56.2,56.2,0.0,0.0
2021-11-30,56.2,56.2,56.2,56.2,0.0,0.0
2021-12-01,56.2,56.2,56.2,56.2,0.0,0.0
2021-12-02,56.2,56.2,56.2,56.2,10.0,0.0
2021-12-03,56.2,56.2,56.2,56.2,390.0,0.0
2021-12-06,56.2,56.2,56.2,56.2,0.0,0.0
2021-12-07,56.2,56.2,56.2,56.2,0.0,0.0
2021-12-08,56.2,56.2,56.2,56.2,0.0,0.0
2021-12-09,56.2,56.2,56.2,56.2,0.0,0.0
2021-12-10,56.2,56.2,56.2,56.2,0.0,0.0
2021-12-13,56.2,56.2,56.2,56.2,300.0,0.0
2021-12-14,56.2,56.2,56.2,56.2,0.0,0.0
2021-12-15,56.2,56.2,56.2,56.2,0.0,0.0
2021-12-16,56.2,56.2,56.2,56.2,50.0,0.0
2021-12-17,56.10769230769231,56.10769230769231,56.10769230769231,56.10769230769231,0.0,0.0
2021-12-20,56.01538461538462,56.01538461538462,56.01538461538462,56.01538461538462,0.0,0.0
2021-12-21,55.92307692307693,55.92307692307693,55.92307692307693,55.92307692307693,0.0,0.0
2021-12-22,55.830769230769235,55.830769230769235,55.830769230769235,55.830769230769235,0.0,0.0
2021-12-23,55.73846153846154,55.73846153846154,55.73846153846154,55.73846153846154,0.0,0.0
2021-12-24,55.64615384615385,55.64615384615385,55.64615384615385,55.64615384615385,0.0,0.0
2021-12-27,55.55384615384615,55.55384615384615,55.55384615384615,55.55384615384615,0.0,0.0
2021-12-28,55.46153846153846,55.46153846153846,55.46153846153846,55.46153846153846,0.0,0.0
2021-12-29,55.36923076923077,55.36923076923077,55.36923076923077,55.36923076923077,0.0,0.0
2021-12-30,55.276923076923076,55.276923076923076,55.276923076923076,55.276923076923076,0.0,0.0
2021-12-31,55.184615384615384,55.184615384615384,55.184615384615384,55.184615384615384,0.0,0.0
2022-01-03,55.09230769230769,55.09230769230769,55.09230769230769,55.09230769230769,0.0,0.0
2022-01-04,55.0,55.0,55.0,55.0,30.0,-0.021400000000000002
2022-01-05,55.0,55.0,55.0,55.0,0.0,0.0
2022-01-06,55.0,55.0,55.0,55.0,0.0,0.0
2022-01-07,55.0,55.0,55.0,55.0,30.0,0.0
2022-01-10,55.160666666666664,55.160666666666664,55.160666666666664,55.160666666666664,0.0,0.0
2022-01-11,55.321333333333335,55.321333333333335,55.321333333333335,55.321333333333335,0.0,0.0
2022-01-12,55.482,55.482,55.482,55.482,0.0,0.0
2022-01-13,55.64266666666666,55.64266666666666,55.64266666666666,55.64266666666666,0.0,0.0
2022-01-14,55.803333333333335,55.803333333333335,55.803333333333335,55.803333333333335,0.0,0.0
2022-01-17,55.964,55.964,55.964,55.964,0.0,0.0
2022-01-18,56.12466666666666,56.12466666666666,56.12466666666666,56.12466666666666,0.0,0.0
2022-01-19,56.285333333333334,56.285333333333334,56.285333333333334,56.285333333333334,0.0,0.0
2022-01-20,56.446,56.446,56.446,56.446,0.0,0.0
2022-01-21,56.60666666666666,56.60666666666666,56.60666666666666,56.60666666666666,0.0,0.0
2022-01-24,56.76733333333333,56.76733333333333,56.76733333333333,56.76733333333333,0.0,0.0
2022-01-25,56.928,56.928,56.928,56.928,0.0,0.0
2022-01-26,57.08866666666666,57.08866666666666,57.08866666666666,57.08866666666666,0.0,0.0
2022-01-27,57.24933333333333,57.24933333333333,57.24933333333333,57.24933333333333,0.0,0.0
2022-01-28,57.41,57.41,57.41,57.41,700.0,0.0438
2022-01-31,57.41,57.41,57.41,57.41,0.0,0.0
2022-02-01,57.41,57.41,57.41,57.41,0.0,0.0
2022-02-02,57.41,57.41,57.41,57.41,0.0,0.0
2022-02-03,57.41,57.41,57.41,57.41,0.0,0.0
2022-02-04,57.41,57.41,57.41,57.41,0.0,0.0
2022-02-07,57.41,57.41,57.41,57.41,0.0,0.0
2022-02-08,57.41,57.41,57.41,57.41,0.0,0.0
2022-02-09,57.41,57.41,57.41,57.41,153980.0,0.0
2022-02-10,57.411428571428566,57.411428571428566,57.411428571428566,57.411428571428566,0.0,0.0
2022-02-11,57.41285714285714,57.41285714285714,57.41285714285714,57.41285714285714,0.0,0.0
2022-02-14,57.41428571428571,57.41428571428571,57.41428571428571,57.41428571428571,0.0,0.0
2022-02-15,57.41571428571429,57.41571428571429,57.41571428571429,57.41571428571429,0.0,0.0
2022-02-16,57.417142857142856,57.417142857142856,57.417142857142856,57.417142857142856,0.0,0.0
2022-02-17,57.41857142857143,57.41857142857143,57.41857142857143,57.41857142857143,0.0,0.0
2022-02-18,57.42,57.42,57.42,57.42,20.0,0.0002
2022-02-21,57.421,57.421,57.421,57.421,0.0,0.0
2022-02-22,57.422000000000004,57.422000000000004,57.422000000000004,57.422000000000004,0.0,0.0
2022-02-23,57.423,57.423,57.423,57.423,0.0,0.0
2022-02-24,57.424,57.424,57.424,57.424,0.0,0.0
2022-02-25,57.425,57.425,57.425,57.425,0.0,0.0
2022-02-28,57.426,57.426,57.426,57.426,0.0,0.0
2022-03-01,57.427,57.427,57.427,57.427,0.0,0.0
2022-03-02,57.428,57.428,57.428,57.428,0.0,0.0
2022-03-03,57.429,57.429,57.429,57.429,0.0,0.0
2022-03-04,57.43,57.43,57.43,57.43,51330.0,0.0002
2022-03-07,57.43,57.43,57.43,57.43,51330.0,0.0
2022-03-08,57.43,57.43,57.43,57.43,0.0,0.0
2022-03-09,57.43,57.43,57.43,57.43,10.0,0.0
2022-03-10,57.43,57.43,57.43,57.43,0.0,0.0
2022-03-11,57.43,57.43,57.43,57.43,0.0,0.0
2022-03-14,57.43,57.43,57.43,57.43,0.0,0.0
2022-03-15,57.43,57.43,57.43,57.43,0.0,0.0
2022-03-16,57.43,57.43,57.43,57.43,0.0,0.0
2022-03-17,57.43,57.43,57.43,57.43,0.0,0.0
2022-03-18,57.43,57.43,57.43,57.43,0.0,0.0
2022-03-21,57.43,57.43,57.43,57.43,51330.0,0.0
2022-03-22,57.43,57.43,57.43,57.43,51330.0,0.0
2022-03-23,57.43,57.43,57.43,57.43,0.0,0.0
2022-03-24,57.43,57.43,57.43,57.43,0.0,0.0
2022-03-25,57.43,57.43,57.43,57.43,0.0,0.0
2022-03-28,57.43,57.43,57.43,57.43,0.0,0.0
2022-03-29,57.43,57.43,57.43,57.43,0.0,0.0
2022-03-30,57.43,57.43,57.43,57.43,0.0,0.0
2022-03-31,57.43,57.43,57.43,57.43,0.0,0.0
2022-04-01,57.43,57.43,57.43,57.43,0.0,0.0
2022-04-04,57.43,57.43,57.43,57.43,0.0,0.0
2022-04-05,57.43,57.43,57.43,57.43,0.0,0.0
2022-04-06,57.43,57.43,57.43,57.43,0.0,0.0
2022-04-07,57.43,57.43,57.43,57.43,0.0,0.0
2022-04-08,57.43,57.43,57.43,57.43,0.0,0.0
2022-04-11,57.43,57.43,57.43,57.43,0.0,0.0
2022-04-12,57.43,57.43,57.43,57.43,0.0,0.0
2022-04-13,57.43,57.43,57.43,57.43,0.0,0.0
2022-04-14,57.43,57.43,57.43,57.43,51330.0,0.0
2022-04-15,57.43,57.43,57.43,57.43,0.0,0.0
2022-04-18,57.43,57.43,57.43,57.43,0.0,0.0
2022-04-19,57.43,57.43,57.43,57.43,500.0,0.0
2022-04-20,57.43,57.43,57.43,57.43,2000.0,0.0
2022-04-21,57.43,57.43,57.43,57.43,1000.0,0.0
2022-04-22,57.43,57.43,57.43,57.43,0.0,0.0
2022-04-25,57.43,57.43,57.43,57.43,0.0,0.0
2022-04-26,57.43,57.43,57.43,57.43,670.0,0.0
2022-04-27,57.43,57.43,57.43,57.43,0.0,0.0
2022-04-28,57.43,57.43,57.43,57.43,10.0,0.0
2022-04-29,57.43,57.43,57.43,57.43,500.0,0.0
2022-05-02,57.43,57.43,57.43,57.43,0.0,0.0
2022-05-03,57.43,57.43,57.43,57.43,0.0,0.0
2022-05-04,57.43,57.43,57.43,57.43,310.0,0.0
2022-05-05,57.42947368421053,57.42947368421053,57.42947368421053,57.42947368421053,0.0,0.0
2022-05-06,57.42894736842105,57.42894736842105,57.42894736842105,57.42894736842105,0.0,0.0
2022-05-09,57.42842105263158,57.42842105263158,57.42842105263158,57.42842105263158,0.0,0.0
2022-05-10,57.427894736842106,57.427894736842106,57.427894736842106,57.427894736842106,0.0,0.0
2022-05-11,57.427368421052634,57.427368421052634,57.427368421052634,57.427368421052634,0.0,0.0
2022-05-12,57.426842105263155,57.426842105263155,57.426842105263155,57.426842105263155,0.0,0.0
2022-05-13,57.42631578947368,57.42631578947368,57.42631578947368,57.42631578947368,0.0,0.0
2022-05-16,57.42578947368421,57.42578947368421,57.42578947368421,57.42578947368421,0.0,0.0
2022-05-17,57.42526315789474,57.42526315789474,57.42526315789474,57.42526315789474,0.0,0.0
2022-05-18,57.42473684210526,57.42473684210526,57.42473684210526,57.42473684210526,0.0,0.0
2022-05-19,57.42421052631579,57.42421052631579,57.42421052631579,57.42421052631579,0.0,0.0
2022-05-20,57.42368421052632,57.42368421052632,57.42368421052632,57.42368421052632,0.0,0.0
2022-05-23,57.423157894736846,57.423157894736846,57.423157894736846,57.423157894736846,0.0,0.0
2022-05-24,57.42263157894737,57.42263157894737,57.42263157894737,57.42263157894737,0.0,0.0
2022-05-25,57.422105263157896,57.422105263157896,57.422105263157896,57.422105263157896,0.0,0.0
2022-05-26,57.421578947368424,57.421578947368424,57.421578947368424,57.421578947368424,0.0,0.0
2022-05-27,57.42105263157895,57.42105263157895,57.42105263157895,57.42105263157895,0.0,0.0
2022-05-30,57.42052631578947,57.42052631578947,57.42052631578947,57.42052631578947,0.0,0.0
2022-05-31,57.42,57.42,57.42,57.42,5430.0,-0.0002
2022-06-01,57.42333333333333,57.42333333333333,57.42333333333333,57.42333333333333,0.0,0.0
2022-06-02,57.42666666666667,57.42666666666667,57.42666666666667,57.42666666666667,0.0,0.0
2022-06-03,57.43,57.43,57.43,57.43,10.0,0.0002
2022-06-06,57.43,57.43,57.43,57.43,10.0,0.0
2022-06-07,57.43,57.43,57.43,57.43,0.0,0.0
2022-06-08,57.43,57.43,57.43,57.43,0.0,0.0
2022-06-09,57.43,57.43,57.43,57.43,0.0,0.0
2022-06-10,57.43,57.43,57.43,57.43,0.0,0.0
2022-06-13,57.43,57.43,57.43,57.43,490.0,0.0
2022-06-14,57.2885,57.2885,57.2885,57.2885,0.0,0.0
2022-06-15,57.147,57.147,57.147,57.147,0.0,0.0
2022-06-16,57.0055,57.0055,57.0055,57.0055,0.0,0.0
2022-06-17,56.864,56.864,56.864,56.864,0.0,0.0
2022-06-20,56.7225,56.7225,56.7225,56.7225,0.0,0.0
2022-06-21,56.581,56.581,56.581,56.581,0.0,0.0
2022-06-22,56.4395,56.4395,56.4395,56.4395,0.0,0.0
2022-06-23,56.298,56.298,56.298,56.298,0.0,0.0
2022-06-24,56.1565,56.1565,56.1565,56.1565,0.0,0.0
2022-06-27,56.015,56.015,56.015,56.015,0.0,0.0
2022-06-28,55.8735,55.8735,55.8735,55.8735,0.0,0.0
2022-06-29,55.732,55.732,55.732,55.732,0.0,0.0
2022-06-30,55.5905,55.5905,55.5905,55.5905,0.0,0.0
2022-07-01,55.449,55.449,55.449,55.449,0.0,0.0
2022-07-04,55.307500000000005,55.307500000000005,55.307500000000005,55.307500000000005,0.0,0.0
2022-07-05,55.166000000000004,55.166000000000004,55.166000000000004,55.166000000000004,0.0,0.0
2022-07-06,55.0245,55.0245,55.0245,55.0245,0.0,0.0
2022-07-07,54.883,54.883,54.883,54.883,0.0,0.0
2022-07-08,54.7415,54.7415,54.7415,54.7415,0.0,0.0
2022-07-11,54.6,54.6,54.6,54.6,760.0,-0.0493
2022-07-12,54.6,54.6,54.6,54.6,0.0,0.0
2022-07-13,54.6,54.6,54.6,54.6,10.0,0.0
2022-07-14,54.6,54.6,54.6,54.6,0.0,0.0
2022-07-15,54.6,54.6,54.6,54.6,0.0,0.0
2022-07-18,54.6,54.6,54.6,54.6,0.0,0.0
2022-07-19,54.6,54.6,54.6,54.6,0.0,0.0
2022-07-20,54.6,54.6,54.6,54.6,0.0,0.0
2022-07-21,54.6,54.6,54.6,54.6,0.0,0.0
2022-07-22,54.6,54.6,54.6,54.6,0.0,0.0
2022-07-25,54.6,54.6,54.6,54.6,0.0,0.0
2022-07-26,54.6,54.6,54.6,54.6,0.0,0.0
2022-07-27,54.6,54.6,54.6,54.6,0.0,0.0
2022-07-28,54.6,54.6,54.6,54.6,0.0,0.0
2022-07-29,54.6,54.6,54.6,54.6,0.0,0.0
2022-08-01,54.6,54.6,54.6,54.6,0.0,0.0
2022-08-02,54.6,54.6,54.6,54.6,0.0,0.0
2022-08-03,54.6,54.6,54.6,54.6,0.0,0.0
2022-08-04,54.6,54.6,54.6,54.6,0.0,0.0
2022-08-05,54.6,54.6,54.6,54.6,0.0,0.0
2022-08-08,54.6,54.6,54.6,54.6,0.0,0.0
2022-08-09,54.6,54.6,54.6,54.6,20.0,0.0
2022-08-10,54.6,54.6,54.6,54.6,0.0,0.0
2022-08-11,54.6,54.6,54.6,54.6,0.0,0.0
2022-08-12,54.6,54.6,54.6,54.6,0.0,0.0
2022-08-15,54.6,54.6,54.6,54.6,0.0,0.0
2022-08-16,54.6,54.6,54.6,54.6,0.0,0.0
2022-08-17,54.6,54.6,54.6,54.6,0.0,0.0
2022-08-18,54.6,54.6,54.6,54.6,0.0,0.0
2022-08-19,54.6,54.6,54.6,54.6,0.0,0.0
2022-08-22,54.6,54.6,54.6,54.6,0.0,0.0
2022-08-23,54.6,54.6,54.6,54.6,200.0,0.0
2022-08-24,54.6,54.6,54.6,54.6,600.0,0.0
2022-08-25,54.6,54.6,54.6,54.6,1000.0,0.0
2022-08-26,54.6,54.6,54.6,54.6,500.0,0.0
2022-08-29,54.6,54.6,54.6,54.6,500.0,0.0
2022-08-30,54.6,54.6,54.6,54.6,20.0,0.0
2022-08-31,54.6,54.6,54.6,54.6,0.0,0.0
2022-09-01,54.6,54.6,54.6,54.6,520.0,0.0
2022-09-02,54.6,54.6,54.6,54.6,1200.0,0.0
2022-09-05,54.56666666666667,54.56666666666667,54.56666666666667,54.56666666666667,0.0,0.0
2022-09-06,54.53333333333333,54.53333333333333,54.53333333333333,54.53333333333333,0.0,0.0
2022-09-07,54.5,54.5,54.5,54.5,0.0,0.0
2022-09-08,54.46666666666667,54.46666666666667,54.46666666666667,54.46666666666667,0.0,0.0
2022-09-09,54.43333333333333,54.43333333333333,54.43333333333333,54.43333333333333,0.0,0.0
2022-09-12,54.4,54.4,54.4,54.4,300.0,-0.0037
2022-09-13,54.33333333333333,54.33333333333333,54.33333333333333,54.33333333333333,0.0,0.0
2022-09-14,54.266666666666666,54.266666666666666,54.266666666666666,54.266666666666666,0.0,0.0
2022-09-15,54.2,54.2,54.2,54.2,0.0,0.0
2022-09-16,54.13333333333333,54.13333333333333,54.13333333333333,54.13333333333333,0.0,0.0
2022-09-19,54.06666666666666,54.06666666666666,54.06666666666666,54.06666666666666,0.0,0.0
2022-09-20,54.0,54.0,54.0,54.0,200.0,-0.0074
2022-09-21,54.0,54.0,54.0,54.0,0.0,0.0
2022-09-22,54.0,54.0,54.0,54.0,0.0,0.0
2022-09-23,54.0,54.0,54.0,54.0,0.0,0.0
2022-09-26,54.0,54.0,54.0,54.0,0.0,0.0
2022-09-27,54.0,54.0,54.0,54.0,0.0,0.0
2022-09-28,54.0,54.0,54.0,54.0,200.0,0.0
2022-09-29,54.0,54.0,54.0,54.0,0.0,0.0
2022-09-30,54.0,54.0,54.0,54.0,20.0,0.0
2022-10-03,53.801,53.98,53.98,53.801,0.0,0.0
2022-10-04,53.602,53.96,53.96,53.602,0.0,0.0
2022-10-05,53.403,53.94,53.94,53.403,0.0,0.0
2022-10-06,53.204,53.92,53.92,53.204,0.0,0.0
2022-10-07,53.004999999999995,53.9,53.9,53.004999999999995,0.0,0.0
2022-10-10,52.806,53.879999999999995,53.879999999999995,52.806,0.0,0.0
2022-10-11,52.607,53.86,53.86,52.607,0.0,0.0
2022-10-12,52.408,53.839999999999996,53.839999999999996,52.408,0.0,0.0
2022-10-13,52.208999999999996,53.82,53.82,52.208999999999996,0.0,0.0
2022-10-14,52.01,53.8,53.8,52.01,370.0,-0.0369
2022-10-17,52.0,52.0,52.0,52.0,400.0,-0.0002
2022-10-18,52.0,52.0,52.0,52.0,0.0,0.0
2022-10-19,52.0,52.0,52.0,52.0,0.0,0.0
2022-10-20,52.0,52.0,52.0,52.0,0.0,0.0
2022-10-21,52.0,52.0,52.0,52.0,0.0,0.0
2022-10-24,52.0,52.0,52.0,52.0,200.0,0.0
2022-10-25,52.0,52.0,52.0,52.0,0.0,0.0
2022-10-26,52.0,52.0,52.0,52.0,0.0,0.0
2022-10-27,52.0,52.0,52.0,52.0,0.0,0.0
2022-10-28,52.0,52.0,52.0,52.0,0.0,0.0
2022-10-31,52.0,52.0,52.0,52.0,0.0,0.0
2022-11-01,52.0,52.0,52.0,52.0,0.0,0.0
2022-11-02,52.142857142857146,52.142857142857146,52.142857142857146,52.142857142857146,0.0,0.0
2022-11-03,52.285714285714285,52.285714285714285,52.285714285714285,52.285714285714285,0.0,0.0
2022-11-04,52.42857142857143,52.42857142857143,52.42857142857143,52.42857142857143,0.0,0.0
2022-11-07,52.57142857142857,52.57142857142857,52.57142857142857,52.57142857142857,0.0,0.0
2022-11-08,52.714285714285715,52.714285714285715,52.714285714285715,52.714285714285715,0.0,0.0
2022-11-09,52.857142857142854,52.857142857142854,52.857142857142854,52.857142857142854,0.0,0.0
2022-11-10,53.0,53.0,53.0,53.0,0.0,0.0
2022-11-11,53.142857142857146,53.142857142857146,53.142857142857146,53.142857142857146,0.0,0.0
2022-11-14,53.285714285714285,53.285714285714285,53.285714285714285,53.285714285714285,0.0,0.0
2022-11-15,53.42857142857143,53.42857142857143,53.42857142857143,53.42857142857143,0.0,0.0
2022-11-16,53.57142857142857,53.57142857142857,53.57142857142857,53.57142857142857,0.0,0.0
2022-11-17,53.714285714285715,53.714285714285715,53.714285714285715,53.714285714285715,0.0,0.0
2022-11-18,53.857142857142854,53.857142857142854,53.857142857142854,53.857142857142854,0.0,0.0
2022-11-21,54.0,54.0,54.0,54.0,0.0,0.0385
2022-11-22,53.99,53.99,53.99,53.99,70.0,-0.0002
2022-11-23,54.05777777777778,54.05777777777778,54.05777777777778,54.05777777777778,0.0,0.0
2022-11-24,54.12555555555556,54.12555555555556,54.12555555555556,54.12555555555556,0.0,0.0
2022-11-25,54.193333333333335,54.193333333333335,54.193333333333335,54.193333333333335,0.0,0.0
2022-11-28,54.26111111111111,54.26111111111111,54.26111111111111,54.26111111111111,0.0,0.0
2022-11-29,54.32888888888889,54.32888888888889,54.32888888888889,54.32888888888889,0.0,0.0
2022-11-30,54.39666666666667,54.39666666666667,54.39666666666667,54.39666666666667,0.0,0.0
2022-12-01,54.464444444444446,54.464444444444446,54.464444444444446,54.464444444444446,0.0,0.0
2022-12-02,54.532222222222224,54.532222222222224,54.532222222222224,54.532222222222224,0.0,0.0
2022-12-05,54.6,54.6,54.6,54.6,10.0,0.0113
2022-12-06,54.6,54.6,54.6,54.6,10.0,0.0
2022-12-07,54.6,54.6,54.6,54.6,0.0,0.0
2022-12-08,54.6,54.6,54.6,54.6,0.0,0.0
2022-12-09,54.6,54.6,54.6,54.6,10.0,0.0
2022-12-12,54.4,54.4,54.4,54.4,0.0,0.0
2022-12-13,54.2,54.2,54.2,54.2,0.0,0.0
2022-12-14,54.0,54.0,54.0,54.0,10.0,-0.011000000000000001
2022-12-15,53.8,53.8,53.8,53.8,0.0,0.0
2022-12-16,53.6,53.6,53.6,53.6,0.0,0.0
2022-12-19,53.4,53.4,53.4,53.4,0.0,0.0
2022-12-20,53.2,53.2,53.2,53.2,0.0,0.0
2022-12-21,53.0,53.0,53.0,53.0,0.0,0.0
2022-12-22,52.8,52.8,52.8,52.8,0.0,0.0
2022-12-23,52.6,52.6,52.6,52.6,0.0,0.0
2022-12-26,52.4,52.4,52.4,52.4,0.0,0.0
2022-12-27,52.2,52.2,52.2,52.2,0.0,0.0
2022-12-28,52.0,52.0,52.0,52.0,50.0,-0.037000000000000005
2022-12-29,51.82,51.82,51.82,51.82,0.0,0.0
2022-12-30,51.64,51.64,51.64,51.64,0.0,0.0
2023-01-02,51.46,51.46,51.46,51.46,0.0,0.0
2023-01-03,51.28,51.28,51.28,51.28,0.0,0.0
2023-01-04,51.1,51.1,51.1,51.1,0.0,0.0
2023-01-05,50.92,50.92,50.92,50.92,0.0,0.0
2023-01-06,50.739999999999995,50.739999999999995,50.739999999999995,50.739999999999995,0.0,0.0
2023-01-09,50.559999999999995,50.559999999999995,50.559999999999995,50.559999999999995,0.0,0.0
2023-01-10,50.379999999999995,50.379999999999995,50.379999999999995,50.379999999999995,0.0,0.0
2023-01-11,50.199999999999996,50.199999999999996,50.199999999999996,50.199999999999996,0.0,0.0
2023-01-12,50.019999999999996,50.019999999999996,50.019999999999996,50.019999999999996,0.0,0.0
2023-01-13,49.839999999999996,49.839999999999996,49.839999999999996,49.839999999999996,0.0,0.0
2023-01-16,49.66,49.66,49.66,49.66,250.0,-0.045
2023-01-17,49.657999999999994,49.657999999999994,49.657999999999994,49.657999999999994,0.0,0.0
2023-01-18,49.656,49.656,49.656,49.656,0.0,0.0
2023-01-19,49.653999999999996,49.653999999999996,49.653999999999996,49.653999999999996,0.0,0.0
2023-01-20,49.652,49.652,49.652,49.652,0.0,0.0
2023-01-23,49.65,49.65,49.65,49.65,20.0,-0.0002
2023-01-24,49.204,49.204,49.204,49.204,0.0,0.0
2023-01-25,48.758,48.758,48.758,48.758,0.0,0.0
2023-01-26,48.312,48.312,48.312,48.312,0.0,0.0
2023-01-27,47.866,47.866,47.866,47.866,0.0,0.0
2023-01-30,47.42,47.42,47.42,47.42,0.0,-0.0449
2023-01-31,47.417142857142856,47.417142857142856,47.417142857142856,47.417142857142856,0.0,0.0
2023-02-01,47.41428571428572,47.41428571428572,47.41428571428572,47.41428571428572,0.0,0.0
2023-02-02,47.41142857142857,47.41142857142857,47.41142857142857,47.41142857142857,0.0,0.0
2023-02-03,47.40857142857143,47.40857142857143,47.40857142857143,47.40857142857143,0.0,0.0
2023-02-06,47.40571428571428,47.40571428571428,47.40571428571428,47.40571428571428,0.0,0.0
2023-02-07,47.402857142857144,47.402857142857144,47.402857142857144,47.402857142857144,0.0,0.0
2023-02-08,47.4,47.4,47.4,47.4,110.0,-0.0004
2023-02-09,47.4,47.4,47.4,47.4,0.0,0.0
2023-02-10,47.4,47.4,47.4,47.4,0.0,0.0
2023-02-13,47.406666666666666,47.406666666666666,47.406666666666666,47.406666666666666,0.0,0.0
2023-02-14,47.413333333333334,47.413333333333334,47.413333333333334,47.413333333333334,0.0,0.0
2023-02-15,47.42,47.42,47.42,47.42,500.0,0.0004
2023-02-16,47.417142857142856,47.417142857142856,47.417142857142856,47.417142857142856,0.0,0.0
2023-02-17,47.41428571428572,47.41428571428572,47.41428571428572,47.41428571428572,0.0,0.0
2023-02-20,47.41142857142857,47.41142857142857,47.41142857142857,47.41142857142857,0.0,0.0
2023-02-21,47.40857142857143,47.40857142857143,47.40857142857143,47.40857142857143,0.0,0.0
2023-02-22,47.40571428571428,47.40571428571428,47.40571428571428,47.40571428571428,0.0,0.0
2023-02-23,47.402857142857144,47.402857142857144,47.402857142857144,47.402857142857144,0.0,0.0
2023-02-24,47.4,47.4,47.4,47.4,100.0,-0.0004
2023-02-27,47.4,47.4,47.4,47.4,0.0,0.0
2023-02-28,47.4,47.4,47.4,47.4,100.0,0.0
2023-03-01,47.4,47.4,47.4,47.4,0.0,0.0
2023-03-02,47.4,47.4,47.4,47.4,700.0,0.0
2023-03-03,47.42,47.42,47.42,47.42,700.0,0.0004
2023-03-06,47.42,47.42,47.42,47.42,0.0,0.0
2023-03-07,47.42,47.42,47.42,47.42,200.0,0.0
2023-03-08,47.42,47.42,47.42,47.42,0.0,0.0
2023-03-09,47.42,47.42,47.42,47.42,0.0,0.0
2023-03-10,47.42,47.42,47.42,47.42,0.0,0.0
2023-03-13,47.42,47.42,47.42,47.42,0.0,0.0
2023-03-14,47.42,47.42,47.42,47.42,100.0,0.0
2023-03-15,47.42,47.42,47.42,47.42,0.0,0.0
2023-03-16,47.42,47.42,47.42,47.42,0.0,0.0
2023-03-17,47.42,47.42,47.42,47.42,0.0,0.0
2023-03-20,47.42,47.42,47.42,47.42,0.0,0.0
2023-03-21,47.42,47.42,47.42,47.42,200.0,0.0
2023-03-22,47.42,47.42,47.42,47.42,0.0,0.0
2023-03-23,47.42,47.42,47.42,47.42,300.0,0.0
2023-03-24,47.376000000000005,47.376000000000005,47.376000000000005,47.376000000000005,0.0,0.0
2023-03-27,47.332,47.332,47.332,47.332,0.0,0.0
2023-03-28,47.288000000000004,47.288000000000004,47.288000000000004,47.288000000000004,0.0,0.0
2023-03-29,47.244,47.244,47.244,47.244,0.0,0.0
2023-03-30,47.2,47.2,47.2,47.2,40.0,-0.0046
2023-03-31,47.2,47.2,47.2,47.2,0.0,0.0
2023-04-03,47.42,47.42,47.42,47.42,40.0,0.004699999999999999
2023-04-04,47.42,47.42,47.42,47.42,230.0,0.0
2023-04-05,47.42,47.42,47.42,47.42,10.0,0.0
2023-04-06,47.42,47.42,47.42,47.42,10.0,0.0
2023-04-07,47.42,47.42,47.42,47.42,0.0,0.0
2023-04-10,47.42,47.42,47.42,47.42,0.0,0.0
2023-04-11,47.42,47.42,47.42,47.42,200.0,0.0
2023-04-12,47.42,47.42,47.42,47.42,0.0,0.0
2023-04-13,47.42,47.42,47.42,47.42,0.0,0.0
2023-04-14,47.42,47.42,47.42,47.42,0.0,0.0
2023-04-17,47.42,47.42,47.42,47.42,0.0,0.0
2023-04-18,47.42,47.42,47.42,47.42,0.0,0.0
2023-04-19,47.42,47.42,47.42,47.42,0.0,0.0
2023-04-20,47.42,47.42,47.42,47.42,0.0,0.0
2023-04-21,47.42,47.42,47.42,47.42,0.0,0.0
2023-04-24,47.42,47.42,47.42,47.42,50.0,0.0
2023-04-25,47.42,47.42,47.42,47.42,0.0,0.0
2023-04-26,47.42,47.42,47.42,47.42,0.0,0.0
2023-04-27,47.42,47.42,47.42,47.42,0.0,0.0
2023-04-28,47.42,47.42,47.42,47.42,0.0,0.0
2023-05-01,47.42,47.42,47.42,47.42,0.0,0.0
2023-05-02,47.42,47.42,47.42,47.42,0.0,0.0
2023-05-03,47.42,47.42,47.42,47.42,10.0,0.0
2023-05-04,47.42,47.42,47.42,47.42,0.0,0.0
2023-05-05,47.42,47.42,47.42,47.42,0.0,0.0
2023-05-08,47.42,47.42,47.42,47.42,0.0,0.0
2023-05-09,47.42,47.42,47.42,47.42,0.0,0.0
2023-05-10,47.42,47.42,47.42,47.42,0.0,0.0
2023-05-11,47.42,47.42,47.42,47.42,30.0,0.0
2023-05-12,47.418,47.418,47.418,47.418,0.0,0.0
2023-05-15,47.416,47.416,47.416,47.416,0.0,0.0
2023-05-16,47.414,47.414,47.414,47.414,0.0,0.0
2023-05-17,47.412,47.412,47.412,47.412,0.0,0.0
2023-05-18,47.41,47.41,47.41,47.41,20.0,-0.0002
2023-05-19,47.42,47.42,47.42,47.42,330.0,0.0002
2023-05-22,47.42,47.42,47.42,47.42,10.0,0.0
2023-05-23,47.42,47.42,47.42,47.42,0.0,0.0
2023-05-24,47.42,47.42,47.42,47.42,0.0,0.0
2023-05-25,47.42,47.42,47.42,47.42,20.0,0.0
2023-05-26,47.42,47.42,47.42,47.42,0.0,0.0
2023-05-29,47.42,47.42,47.42,47.42,0.0,0.0
2023-05-30,47.42,47.42,47.42,47.42,0.0,0.0
2023-05-31,47.42,47.42,47.42,47.42,10.0,0.0
2023-06-01,47.42,47.42,47.42,47.42,0.0,0.0
2023-06-02,47.42,47.42,47.42,47.42,0.0,0.0
2023-06-05,47.42,47.42,47.42,47.42,0.0,0.0
2023-06-06,47.42,47.42,47.42,47.42,0.0,0.0
2023-06-07,47.42,47.42,47.42,47.42,0.0,0.0
2023-06-08,47.42,47.42,47.42,47.42,0.0,0.0
2023-06-09,47.42,47.42,47.42,47.42,20.0,0.0
2023-06-12,47.42,47.42,47.42,47.42,0.0,0.0
2023-06-13,47.42,47.42,47.42,47.42,0.0,0.0
2023-06-14,47.42,47.42,47.42,47.42,0.0,0.0
2023-06-15,47.42,47.42,47.42,47.42,0.0,0.0
2023-06-16,47.42,47.42,47.42,47.42,0.0,0.0
2023-06-19,47.42,47.42,47.42,47.42,0.0,0.0
2023-06-20,47.42,47.42,47.42,47.42,10.0,0.0
2023-06-21,47.42,47.42,47.42,47.42,0.0,0.0
2023-06-22,47.42,47.42,47.42,47.42,0.0,0.0
2023-06-23,47.42,47.42,47.42,47.42,0.0,0.0
2023-06-26,47.42,47.42,47.42,47.42,0.0,0.0
2023-06-27,47.42,47.42,47.42,47.42,0.0,0.0
2023-06-28,47.42,47.42,47.42,47.42,0.0,0.0
2023-06-29,47.42,47.42,47.42,47.42,0.0,0.0
2023-06-30,47.42,47.42,47.42,47.42,0.0,0.0
2023-07-03,47.42,47.42,47.42,47.42,20.0,0.0
2023-07-04,47.25615384615385,47.25615384615385,47.25615384615385,47.25615384615385,0.0,0.0
2023-07-05,47.09230769230769,47.09230769230769,47.09230769230769,47.09230769230769,0.0,0.0
2023-07-06,46.92846153846154,46.92846153846154,46.92846153846154,46.92846153846154,0.0,0.0
2023-07-07,46.76461538461538,46.76461538461538,46.76461538461538,46.76461538461538,0.0,0.0
2023-07-10,46.60076923076923,46.60076923076923,46.60076923076923,46.60076923076923,0.0,0.0
2023-07-11,46.43692307692308,46.43692307692308,46.43692307692308,46.43692307692308,0.0,0.0
2023-07-12,46.27307692307692,46.27307692307692,46.27307692307692,46.27307692307692,0.0,0.0
2023-07-13,46.10923076923077,46.10923076923077,46.10923076923077,46.10923076923077,0.0,0.0
2023-07-14,45.94538461538462,45.94538461538462,45.94538461538462,45.94538461538462,0.0,0.0
2023-07-17,45.78153846153846,45.78153846153846,45.78153846153846,45.78153846153846,0.0,0.0
2023-07-18,45.61769230769231,45.61769230769231,45.61769230769231,45.61769230769231,0.0,0.0
2023-07-19,45.45384615384615,45.45384615384615,45.45384615384615,45.45384615384615,0.0,0.0
2023-07-20,45.29,45.29,45.29,45.29,400.0,-0.0449
2023-07-21,45.425333333333334,45.425333333333334,45.425333333333334,45.425333333333334,0.0,0.0
2023-07-24,45.56066666666666,45.56066666666666,45.56066666666666,45.56066666666666,0.0,0.0
2023-07-25,45.696,45.696,45.696,45.696,0.0,0.0
2023-07-26,45.83133333333333,45.83133333333333,45.83133333333333,45.83133333333333,0.0,0.0
2023-07-27,45.96666666666667,45.96666666666667,45.96666666666667,45.96666666666667,0.0,0.0
2023-07-28,46.102,46.102,46.102,46.102,0.0,0.0
2023-07-31,46.23733333333333,46.23733333333333,46.23733333333333,46.23733333333333,0.0,0.0
2023-08-01,46.37266666666667,46.37266666666667,46.37266666666667,46.37266666666667,0.0,0.0
2023-08-02,46.508,46.508,46.508,46.508,0.0,0.0
2023-08-03,46.64333333333333,46.64333333333333,46.64333333333333,46.64333333333333,0.0,0.0
2023-08-04,46.778666666666666,46.778666666666666,46.778666666666666,46.778666666666666,0.0,0.0
2023-08-07,46.914,46.914,46.914,46.914,0.0,0.0
2023-08-08,47.04933333333334,47.04933333333334,47.04933333333334,47.04933333333334,0.0,0.0
2023-08-09,47.184666666666665,47.184666666666665,47.184666666666665,47.184666666666665,0.0,0.0
2023-08-10,47.32,47.32,47.32,47.32,10.0,0.044800000000000006
2023-08-11,47.21,47.21,47.21,47.21,0.0,0.0
2023-08-14,47.1,47.1,47.1,47.1,0.0,0.0
2023-08-15,46.99,46.99,46.99,46.99,40.0,-0.006999999999999999
2023-08-16,46.4925,46.4925,46.4925,46.4925,0.0,0.0
2023-08-17,45.995000000000005,45.995000000000005,45.995000000000005,45.995000000000005,0.0,0.0
2023-08-18,45.4975,45.4975,45.4975,45.4975,0.0,0.0
2023-08-21,45.0,45.0,45.0,45.0,2000.0,-0.042300000000000004
2023-08-22,47.0,47.0,47.0,47.0,0.0,0.0444
2023-08-23,47.0,47.0,47.0,47.0,0.0,0.0
2023-08-24,47.0,47.0,47.0,47.0,10.0,0.0
2023-08-25,47.0,47.0,47.0,47.0,80.0,0.0
2023-08-28,47.0,47.0,47.0,47.0,0.0,0.0
2023-08-29,47.4,47.4,47.4,47.4,20.0,0.0085
2023-08-30,47.4,47.4,47.4,47.4,0.0,0.0
2023-08-31,47.4,47.4,47.4,47.4,0.0,0.0
2023-09-01,47.4,47.4,47.4,47.4,0.0,0.0
2023-09-04,47.4,47.4,47.4,47.4,0.0,0.0
2023-09-05,47.4,47.4,47.4,47.4,0.0,0.0
2023-09-06,47.4,47.4,47.4,47.4,150.0,0.0
2023-09-07,47.4,47.4,47.4,47.4,0.0,0.0
2023-09-08,47.4,47.4,47.4,47.4,60.0,0.0
2023-09-11,47.36666666666667,47.36666666666667,47.36666666666667,47.36666666666667,0.0,0.0
2023-09-12,47.33333333333333,47.33333333333333,47.33333333333333,47.33333333333333,0.0,0.0
2023-09-13,47.3,47.3,47.3,47.3,0.0,0.0
2023-09-14,47.266666666666666,47.266666666666666,47.266666666666666,47.266666666666666,0.0,0.0
2023-09-15,47.233333333333334,47.233333333333334,47.233333333333334,47.233333333333334,0.0,0.0
2023-09-18,47.2,47.2,47.2,47.2,0.0,0.0
2023-09-19,47.166666666666664,47.166666666666664,47.166666666666664,47.166666666666664,0.0,0.0
2023-09-20,47.13333333333333,47.13333333333333,47.13333333333333,47.13333333333333,0.0,0.0
2023-09-21,47.1,47.1,47.1,47.1,0.0,0.0
2023-09-22,47.06666666666666,47.06666666666666,47.06666666666666,47.06666666666666,0.0,0.0
2023-09-25,47.03333333333333,47.03333333333333,47.03333333333333,47.03333333333333,0.0,0.0
2023-09-26,47.0,47.0,47.0,47.0,130.0,-0.0084
2023-09-27,47.15,47.15,47.15,47.15,0.0,0.0
2023-09-28,47.3,47.3,47.3,47.3,150.0,0.0064
2023-09-29,47.3,47.3,47.3,47.3,0.0,0.0
2023-10-02,47.3,47.3,47.3,47.3,0.0,0.0
2023-10-03,47.3,47.3,47.3,47.3,0.0,0.0
2023-10-04,47.3,47.3,47.3,47.3,0.0,0.0
2023-10-05,47.3,47.3,47.3,47.3,200.0,0.0
2023-10-06,47.268,47.268,47.268,47.268,0.0,0.0
2023-10-09,47.236,47.236,47.236,47.236,0.0,0.0
2023-10-10,47.204,47.204,47.204,47.204,0.0,0.0
2023-10-11,47.172,47.172,47.172,47.172,0.0,0.0
2023-10-12,47.14,47.14,47.14,47.14,0.0,0.0
2023-10-13,47.108,47.108,47.108,47.108,0.0,0.0
2023-10-16,47.076,47.076,47.076,47.076,0.0,0.0
2023-10-17,47.044,47.044,47.044,47.044,0.0,0.0
2023-10-18,47.012,47.012,47.012,47.012,0.0,0.0
2023-10-19,46.98,46.98,46.98,46.98,0.0,0.0
2023-10-20,46.948,46.948,46.948,46.948,0.0,0.0
2023-10-23,46.916,46.916,46.916,46.916,0.0,0.0
2023-10-24,46.884,46.884,46.884,46.884,0.0,0.0
2023-10-25,46.852,46.852,46.852,46.852,0.0,0.0
2023-10-26,46.82,46.82,46.82,46.82,0.0,0.0
2023-10-27,46.788,46.788,46.788,46.788,0.0,0.0
2023-10-30,46.756,46.756,46.756,46.756,0.0,0.0
2023-10-31,46.724,46.724,46.724,46.724,0.0,0.0
2023-11-01,46.692,46.692,46.692,46.692,0.0,0.0
2023-11-02,46.66,46.66,46.66,46.66,0.0,0.0
2023-11-03,46.628,46.628,46.628,46.628,0.0,0.0
2023-11-06,46.596,46.596,46.596,46.596,0.0,0.0
2023-11-07,46.564,46.564,46.564,46.564,0.0,0.0
2023-11-08,46.532,46.532,46.532,46.532,0.0,0.0
2023-11-09,46.5,46.5,46.5,46.5,0.0,-0.0169
2023-11-10,46.5,46.5,46.5,46.5,410.0,0.0
2023-11-13,46.5,46.5,46.5,46.5,0.0,0.0
2023-11-14,46.5,46.5,46.5,46.5,200.0,0.0
2023-11-15,46.5,46.5,46.5,46.5,0.0,0.0
2023-11-16,46.5,46.5,46.5,46.5,0.0,0.0
2023-11-17,46.5,46.5,46.5,46.5,0.0,0.0
2023-11-20,46.5,46.5,46.5,46.5,0.0,0.0
2023-11-21,46.5,46.5,46.5,46.5,0.0,0.0
2023-11-22,46.5,46.5,46.5,46.5,0.0,0.0
2023-11-23,46.5,46.5,46.5,46.5,0.0,0.0
2023-11-24,46.5,46.5,46.5,46.5,0.0,0.0
2023-11-27,46.5,46.5,46.5,46.5,0.0,0.0
2023-11-28,46.5,46.5,46.5,46.5,0.0,0.0
2023-11-29,46.5,46.5,46.5,46.5,0.0,0.0
2023-11-30,46.5,46.5,46.5,46.5,0.0,0.0
2023-12-01,46.5,46.5,46.5,46.5,0.0,0.0
2023-12-04,46.5,46.5,46.5,46.5,0.0,0.0
2023-12-05,46.5,46.5,46.5,46.5,0.0,0.0
2023-12-06,46.5,46.5,46.5,46.5,0.0,0.0
2023-12-07,46.5,46.5,46.5,46.5,0.0,0.0
2023-12-08,46.5,46.5,46.5,46.5,0.0,0.0
2023-12-11,46.5,46.5,46.5,46.5,0.0,0.0
2023-12-12,46.5,46.5,46.5,46.5,0.0,0.0
2023-12-13,46.5,46.5,46.5,46.5,0.0,0.0
2023-12-14,46.5,46.5,46.5,46.5,0.0,0.0
2023-12-15,46.5,46.5,46.5,46.5,0.0,0.0
2023-12-18,46.5,46.5,46.5,46.5,0.0,0.0
2023-12-19,46.5,46.5,46.5,46.5,0.0,0.0
2023-12-20,46.5,46.5,46.5,46.5,0.0,0.0
2023-12-21,46.5,46.5,46.5,46.5,0.0,0.0
2023-12-22,46.5,46.5,46.5,46.5,60.0,0.0
2023-12-25,46.5,46.5,46.5,46.5,0.0,0.0
2023-12-26,46.5,46.5,46.5,46.5,240.0,0.0
2023-12-27,47.5,47.5,47.5,47.5,0.0,0.0
2023-12-28,48.5,48.5,48.5,48.5,10.0,0.043
2023-12-29,48.5,48.5,48.5,48.5,0.0,0.0
2024-01-01,48.5,48.5,48.5,48.5,0.0,0.0
2024-01-02,48.5,48.5,48.5,48.5,0.0,0.0
2024-01-03,48.5,48.5,48.5,48.5,10.0,0.0
2024-01-04,48.4,48.4,48.4,48.4,0.0,0.0
2024-01-05,48.3,48.3,48.3,48.3,0.0,0.0
2024-01-08,48.2,48.2,48.2,48.2,0.0,0.0
2024-01-09,48.1,48.1,48.1,48.1,0.0,0.0
2024-01-10,48.0,48.0,48.0,48.0,20.0,-0.0103
2024-01-11,48.0,48.0,48.0,48.0,0.0,0.0
2024-01-12,48.0,48.0,48.0,48.0,0.0,0.0
2024-01-15,48.0,48.0,48.0,48.0,0.0,0.0
2024-01-16,48.0,48.0,48.0,48.0,10.0,0.0
2024-01-17,48.0,48.0,48.0,48.0,0.0,0.0
2024-01-18,48.0,48.0,48.0,48.0,0.0,0.0
2024-01-19,48.0,48.0,48.0,48.0,0.0,0.0
2024-01-22,48.0,48.0,48.0,48.0,0.0,0.0
2024-01-23,48.0,48.0,48.0,48.0,0.0,0.0
2024-01-24,48.0,48.0,48.0,48.0,0.0,0.0
2024-01-25,48.0,48.0,48.0,48.0,0.0,0.0
2024-01-26,48.0,48.0,48.0,48.0,0.0,0.0
2024-01-29,48.0,48.0,48.0,48.0,0.0,0.0
2024-01-30,48.0,48.0,48.0,48.0,0.0,0.0
2024-01-31,48.0,48.0,48.0,48.0,0.0,0.0
2024-02-01,48.0,48.0,48.0,48.0,0.0,0.0
2024-02-02,48.0,48.0,48.0,48.0,0.0,0.0
2024-02-05,48.0,48.0,48.0,48.0,0.0,0.0
2024-02-06,48.0,48.0,48.0,48.0,0.0,0.0
2024-02-07,48.0,48.0,48.0,48.0,0.0,0.0
2024-02-08,48.0,48.0,48.0,48.0,0.0,0.0
2024-02-09,48.0,48.0,48.0,48.0,0.0,0.0
2024-02-12,48.0,48.0,48.0,48.0,0.0,0.0
2024-02-13,48.0,48.0,48.0,48.0,0.0,0.0
2024-02-14,48.0,48.0,48.0,48.0,0.0,0.0
2024-02-15,48.0,48.0,48.0,48.0,0.0,0.0
2024-02-16,48.0,48.0,48.0,48.0,0.0,0.0
2024-02-19,48.0,48.0,48.0,48.0,0.0,0.0
2024-02-20,48.0,48.0,48.0,48.0,10.0,0.0
2024-02-21,47.999375,47.999375,47.999375,47.999375,0.0,0.0
2024-02-22,47.99875,47.99875,47.99875,47.99875,0.0,0.0
2024-02-23,47.998125,47.998125,47.998125,47.998125,0.0,0.0
2024-02-26,47.9975,47.9975,47.9975,47.9975,0.0,0.0
2024-02-27,47.996875,47.996875,47.996875,47.996875,0.0,0.0
2024-02-28,47.99625,47.99625,47.99625,47.99625,0.0,0.0
2024-02-29,47.995625000000004,47.995625000000004,47.995625000000004,47.995625000000004,0.0,0.0
2024-03-01,47.995000000000005,47.995000000000005,47.995000000000005,47.995000000000005,0.0,0.0
2024-03-04,47.994375,47.994375,47.994375,47.994375,0.0,0.0
2024-03-05,47.99375,47.99375,47.99375,47.99375,0.0,0.0
2024-03-06,47.993125,47.993125,47.993125,47.993125,0.0,0.0
2024-03-07,47.9925,47.9925,47.9925,47.9925,0.0,0.0
2024-03-08,47.991875,47.991875,47.991875,47.991875,0.0,0.0
2024-03-11,47.99125,47.99125,47.99125,47.99125,0.0,0.0
2024-03-12,47.990625,47.990625,47.990625,47.990625,0.0,0.0
2024-03-13,47.99,47.99,47.99,47.99,10.0,-0.0002
2024-03-14,48.0,48.0,48.0,48.0,10.0,0.0002
2024-03-15,48.0,48.0,48.0,48.0,20.0,0.0
2024-03-18,47.9975,47.9975,47.9975,47.9975,0.0,0.0
2024-03-19,47.995000000000005,47.995000000000005,47.995000000000005,47.995000000000005,0.0,0.0
2024-03-20,47.9925,47.9925,47.9925,47.9925,0.0,0.0
2024-03-21,47.99,47.99,47.99,47.99,100.0,-0.0002
2024-03-22,47.99,47.99,47.99,47.99,0.0,0.0
2024-03-25,47.99,47.99,47.99,47.99,0.0,0.0
2024-03-26,47.99,47.99,47.99,47.99,0.0,0.0
2024-03-27,47.99,47.99,47.99,47.99,0.0,0.0
2024-03-28,47.99,47.99,47.99,47.99,10.0,0.0
2024-03-29,47.99,47.99,47.99,47.99,0.0,0.0
2024-04-01,47.99,47.99,47.99,47.99,0.0,0.0
2024-04-02,47.99,47.99,47.99,47.99,0.0,0.0
2024-04-03,47.99,47.99,47.99,47.99,0.0,0.0
2024-04-04,47.99,47.99,47.99,47.99,20.0,0.0
2024-04-05,47.99,47.99,47.99,47.99,0.0,0.0
2024-04-08,47.99,47.99,47.99,47.99,0.0,0.0
2024-04-09,47.99,47.99,47.99,47.99,0.0,0.0
2024-04-10,47.99,47.99,47.99,47.99,0.0,0.0
2024-04-11,47.99,47.99,47.99,47.99,0.0,0.0
2024-04-12,47.99,47.99,47.99,47.99,30.0,0.0
2024-04-15,47.99,47.99,47.99,47.99,0.0,0.0
2024-04-16,47.99,47.99,47.99,47.99,0.0,0.0
2024-04-17,47.99,47.99,47.99,47.99,0.0,0.0
2024-04-18,47.99,47.99,47.99,47.99,40.0,0.0
2024-04-19,47.995000000000005,47.995000000000005,47.995000000000005,47.995000000000005,0.0,0.0
2024-04-22,48.0,48.0,48.0,48.0,1100.0,0.0002
2024-04-23,47.99545454545454,47.99545454545454,47.99545454545454,47.99545454545454,0.0,0.0
2024-04-24,47.99090909090909,47.99090909090909,47.99090909090909,47.99090909090909,0.0,0.0
2024-04-25,47.986363636363635,47.986363636363635,47.986363636363635,47.986363636363635,0.0,0.0
2024-04-26,47.981818181818184,47.981818181818184,47.981818181818184,47.981818181818184,0.0,0.0
2024-04-29,47.97727272727273,47.97727272727273,47.97727272727273,47.97727272727273,0.0,0.0
2024-04-30,47.972727272727276,47.972727272727276,47.972727272727276,47.972727272727276,0.0,0.0
2024-05-01,47.96818181818182,47.96818181818182,47.96818181818182,47.96818181818182,0.0,0.0
2024-05-02,47.96363636363637,47.96363636363637,47.96363636363637,47.96363636363637,0.0,0.0
2024-05-03,47.95909090909091,47.95909090909091,47.95909090909091,47.95909090909091,0.0,0.0
2024-05-06,47.95454545454546,47.95454545454546,47.95454545454546,47.95454545454546,0.0,0.0
2024-05-07,47.95,47.95,47.95,47.95,10.0,-0.001
2024-05-08,47.95,47.95,47.95,47.95,0.0,0.0
2024-05-09,47.95,47.95,47.95,47.95,10.0,0.0
2024-05-10,47.99,47.99,47.99,47.99,110.0,0.0008
2024-05-13,48.13357142857143,48.13357142857143,48.13357142857143,48.13357142857143,0.0,0.0
2024-05-14,48.277142857142856,48.277142857142856,48.277142857142856,48.277142857142856,0.0,0.0
2024-05-15,48.42071428571429,48.42071428571429,48.42071428571429,48.42071428571429,0.0,0.0
2024-05-16,48.56428571428572,48.56428571428572,48.56428571428572,48.56428571428572,0.0,0.0
2024-05-17,48.707857142857144,48.707857142857144,48.707857142857144,48.707857142857144,0.0,0.0
2024-05-20,48.85142857142857,48.85142857142857,48.85142857142857,48.85142857142857,0.0,0.0
2024-05-21,48.995000000000005,48.995000000000005,48.995000000000005,48.995000000000005,0.0,0.0
2024-05-22,49.13857142857143,49.13857142857143,49.13857142857143,49.13857142857143,0.0,0.0
2024-05-23,49.28214285714286,49.28214285714286,49.28214285714286,49.28214285714286,0.0,0.0
2024-05-24,49.425714285714285,49.425714285714285,49.425714285714285,49.425714285714285,0.0,0.0
2024-05-27,49.56928571428571,49.56928571428571,49.56928571428571,49.56928571428571,0.0,0.0
2024-05-28,49.712857142857146,49.712857142857146,49.712857142857146,49.712857142857146,0.0,0.0
2024-05-29,49.85642857142857,49.85642857142857,49.85642857142857,49.85642857142857,0.0,0.0
2024-05-30,50.0,50.0,50.0,50.0,10.0,0.04190000000000001
2024-05-31,49.99666666666667,49.99666666666667,49.99666666666667,49.99666666666667,0.0,0.0
2024-06-03,49.99333333333333,49.99333333333333,49.99333333333333,49.99333333333333,0.0,0.0
2024-06-04,49.99,49.99,49.99,49.99,10.0,-0.0002
2024-06-05,49.99,49.99,49.99,49.99,0.0,0.0
2024-06-06,49.99,49.99,49.99,49.99,0.0,0.0
2024-06-07,49.99,49.99,49.99,49.99,0.0,0.0
2024-06-10,49.99,49.99,49.99,49.99,30.0,0.0
2024-06-11,49.99,49.99,49.99,49.99,0.0,0.0
2024-06-12,49.99,49.99,49.99,49.99,0.0,0.0
2024-06-13,49.99,49.99,49.99,49.99,0.0,0.0
2024-06-14,49.99,49.99,49.99,49.99,350.0,0.0
2024-06-17,49.99333333333333,49.99333333333333,49.99333333333333,49.99333333333333,0.0,0.0
2024-06-18,49.99666666666667,49.99666666666667,49.99666666666667,49.99666666666667,0.0,0.0
2024-06-19,50.0,50.0,50.0,50.0,100.0,0.0002
2024-06-20,50.0,50.0,50.0,50.0,0.0,0.0
2024-06-21,50.0,50.0,50.0,50.0,0.0,0.0
2024-06-24,50.0,50.0,50.0,50.0,0.0,0.0
2024-06-25,50.0,50.0,50.0,50.0,0.0,0.0
2024-06-26,50.0,50.0,50.0,50.0,0.0,0.0
2024-06-27,50.0,50.0,50.0,50.0,20.0,0.0
2024-06-28,49.233333333333334,49.233333333333334,49.233333333333334,49.233333333333334,0.0,0.0
2024-07-01,48.46666666666667,48.46666666666667,48.46666666666667,48.46666666666667,0.0,0.0
2024-07-02,47.7,47.7,47.7,47.7,350.0,-0.046
2024-07-03,47.175000000000004,47.175000000000004,47.175000000000004,47.175000000000004,0.0,0.0
2024-07-04,46.650000000000006,46.650000000000006,46.650000000000006,46.650000000000006,0.0,0.0
2024-07-05,46.125,46.125,46.125,46.125,0.0,0.0
2024-07-08,45.6,45.6,45.6,45.6,110.0,-0.044000000000000004
2024-07-09,45.574074074074076,45.574074074074076,45.574074074074076,45.574074074074076,0.0,0.0
2024-07-10,45.54814814814815,45.54814814814815,45.54814814814815,45.54814814814815,0.0,0.0
2024-07-11,45.522222222222226,45.522222222222226,45.522222222222226,45.522222222222226,0.0,0.0
2024-07-12,45.4962962962963,45.4962962962963,45.4962962962963,45.4962962962963,0.0,0.0
2024-07-15,45.47037037037037,45.47037037037037,45.47037037037037,45.47037037037037,0.0,0.0
2024-07-16,45.44444444444444,45.44444444444444,45.44444444444444,45.44444444444444,0.0,0.0
2024-07-17,45.41851851851852,45.41851851851852,45.41851851851852,45.41851851851852,0.0,0.0
2024-07-18,45.39259259259259,45.39259259259259,45.39259259259259,45.39259259259259,0.0,0.0
2024-07-19,45.36666666666667,45.36666666666667,45.36666666666667,45.36666666666667,0.0,0.0
2024-07-22,45.34074074074074,45.34074074074074,45.34074074074074,45.34074074074074,0.0,0.0
2024-07-23,45.31481481481482,45.31481481481482,45.31481481481482,45.31481481481482,0.0,0.0
2024-07-24,45.28888888888889,45.28888888888889,45.28888888888889,45.28888888888889,0.0,0.0
2024-07-25,45.262962962962966,45.262962962962966,45.262962962962966,45.262962962962966,0.0,0.0
2024-07-26,45.237037037037034,45.237037037037034,45.237037037037034,45.237037037037034,0.0,0.0
2024-07-29,45.21111111111111,45.21111111111111,45.21111111111111,45.21111111111111,0.0,0.0
2024-07-30,45.18518518518518,45.18518518518518,45.18518518518518,45.18518518518518,0.0,0.0
2024-07-31,45.15925925925926,45.15925925925926,45.15925925925926,45.15925925925926,0.0,0.0
2024-08-01,45.13333333333333,45.13333333333333,45.13333333333333,45.13333333333333,0.0,0.0
2024-08-02,45.10740740740741,45.10740740740741,45.10740740740741,45.10740740740741,0.0,0.0
2024-08-05,45.08148148148148,45.08148148148148,45.08148148148148,45.08148148148148,0.0,0.0
2024-08-06,45.05555555555556,45.05555555555556,45.05555555555556,45.05555555555556,0.0,0.0
2024-08-07,45.02962962962963,45.02962962962963,45.02962962962963,45.02962962962963,0.0,0.0
2024-08-08,45.0037037037037,45.0037037037037,45.0037037037037,45.0037037037037,0.0,0.0
2024-08-09,44.977777777777774,44.977777777777774,44.977777777777774,44.977777777777774,0.0,0.0
2024-08-12,44.95185185185185,44.95185185185185,44.95185185185185,44.95185185185185,0.0,0.0
2024-08-13,44.925925925925924,44.925925925925924,44.925925925925924,44.925925925925924,0.0,0.0
2024-08-14,44.9,44.9,44.9,44.9,20.0,-0.0154
2024-08-15,44.9,44.9,44.9,44.9,0.0,0.0
2024-08-16,44.9,44.9,44.9,44.9,0.0,0.0
2024-08-19,44.9,44.9,44.9,44.9,0.0,0.0
2024-08-20,44.9,44.9,44.9,44.9,0.0,0.0
2024-08-21,44.9,44.9,44.9,44.9,0.0,0.0
2024-08-22,44.9,44.9,44.9,44.9,0.0,0.0
2024-08-23,44.9,44.9,44.9,44.9,0.0,0.0
2024-08-26,44.9,44.9,44.9,44.9,0.0,0.0
2024-08-27,44.9,44.9,44.9,44.9,0.0,0.0
2024-08-28,44.9,44.9,44.9,44.9,20.0,0.0
2024-08-29,44.99166666666667,44.99166666666667,44.99166666666667,44.99166666666667,0.0,0.0
2024-08-30,45.08333333333333,45.08333333333333,45.08333333333333,45.08333333333333,0.0,0.0
2024-09-02,45.175,45.175,45.175,45.175,0.0,0.0
2024-09-03,45.266666666666666,45.266666666666666,45.266666666666666,45.266666666666666,0.0,0.0
2024-09-04,45.358333333333334,45.358333333333334,45.358333333333334,45.358333333333334,0.0,0.0
2024-09-05,45.45,45.45,45.45,45.45,0.0,0.0
2024-09-06,45.541666666666664,45.541666666666664,45.541666666666664,45.541666666666664,0.0,0.0
2024-09-09,45.63333333333333,45.63333333333333,45.63333333333333,45.63333333333333,0.0,0.0
2024-09-10,45.725,45.725,45.725,45.725,0.0,0.0
2024-09-11,45.81666666666666,45.81666666666666,45.81666666666666,45.81666666666666,0.0,0.0
2024-09-12,45.90833333333333,45.90833333333333,45.90833333333333,45.90833333333333,0.0,0.0
2024-09-13,46.0,46.0,46.0,46.0,0.0,0.0245
2024-09-16,46.0,46.0,46.0,46.0,0.0,0.0
2024-09-17,46.0,46.0,46.0,46.0,0.0,0.0
2024-09-18,46.0,46.0,46.0,46.0,0.0,0.0
2024-09-19,46.0,46.0,46.0,46.0,0.0,0.0
2024-09-20,46.0,46.0,46.0,46.0,0.0,0.0
2024-09-23,46.0,46.0,46.0,46.0,0.0,0.0
2024-09-24,46.0,46.0,46.0,46.0,0.0,0.0
2024-09-25,46.0,46.0,46.0,46.0,0.0,0.0
2024-09-26,46.0,46.0,46.0,46.0,0.0,0.0
2024-09-27,46.0,46.0,46.0,46.0,0.0,0.0
2024-09-30,46.0,46.0,46.0,46.0,0.0,0.0
2024-10-01,46.0,46.0,46.0,46.0,0.0,0.0
2024-10-02,46.0,46.0,46.0,46.0,20.0,0.0
2024-10-03,46.0,46.0,46.0,46.0,0.0,0.0
2024-10-04,46.0,46.0,46.0,46.0,0.0,0.0
2024-10-07,46.0,46.0,46.0,46.0,0.0,0.0
2024-10-08,46.0,46.0,46.0,46.0,0.0,0.0
2024-10-09,46.0,46.0,46.0,46.0,0.0,0.0
2024-10-10,46.0,46.0,46.0,46.0,0.0,0.0
2024-10-11,46.0,46.0,46.0,46.0,0.0,0.0
2024-10-14,46.0,46.0,46.0,46.0,0.0,0.0
2024-10-15,46.0,46.0,46.0,46.0,0.0,0.0
2024-10-16,46.0,46.0,46.0,46.0,10.0,0.0
2024-10-17,45.92862068965517,45.92862068965517,45.92862068965517,45.92862068965517,0.0,0.0
2024-10-18,45.857241379310345,45.857241379310345,45.857241379310345,45.857241379310345,0.0,0.0
2024-10-21,45.785862068965514,45.785862068965514,45.785862068965514,45.785862068965514,0.0,0.0
2024-10-22,45.71448275862069,45.71448275862069,45.71448275862069,45.71448275862069,0.0,0.0
2024-10-23,45.64310344827586,45.64310344827586,45.64310344827586,45.64310344827586,0.0,0.0
2024-10-24,45.571724137931035,45.571724137931035,45.571724137931035,45.571724137931035,0.0,0.0
2024-10-25,45.500344827586204,45.500344827586204,45.500344827586204,45.500344827586204,0.0,0.0
2024-10-28,45.42896551724138,45.42896551724138,45.42896551724138,45.42896551724138,0.0,0.0
2024-10-29,45.35758620689655,45.35758620689655,45.35758620689655,45.35758620689655,0.0,0.0
2024-10-30,45.286206896551725,45.286206896551725,45.286206896551725,45.286206896551725,0.0,0.0
2024-10-31,45.214827586206894,45.214827586206894,45.214827586206894,45.214827586206894,0.0,0.0
2024-11-01,45.14344827586207,45.14344827586207,45.14344827586207,45.14344827586207,0.0,0.0
2024-11-04,45.07206896551724,45.07206896551724,45.07206896551724,45.07206896551724,0.0,0.0
2024-11-05,45.000689655172415,45.000689655172415,45.000689655172415,45.000689655172415,0.0,0.0
2024-11-06,44.929310344827584,44.929310344827584,44.929310344827584,44.929310344827584,0.0,0.0
2024-11-07,44.85793103448276,44.85793103448276,44.85793103448276,44.85793103448276,0.0,0.0
2024-11-08,44.78655172413793,44.78655172413793,44.78655172413793,44.78655172413793,0.0,0.0
2024-11-11,44.715172413793105,44.715172413793105,44.715172413793105,44.715172413793105,0.0,0.0
2024-11-12,44.643793103448274,44.643793103448274,44.643793103448274,44.643793103448274,0.0,0.0
2024-11-13,44.57241379310345,44.57241379310345,44.57241379310345,44.57241379310345,0.0,0.0
2024-11-14,44.50103448275862,44.50103448275862,44.50103448275862,44.50103448275862,0.0,0.0
2024-11-15,44.429655172413796,44.429655172413796,44.429655172413796,44.429655172413796,0.0,0.0
2024-11-18,44.358275862068965,44.358275862068965,44.358275862068965,44.358275862068965,0.0,0.0
2024-11-19,44.28689655172414,44.28689655172414,44.28689655172414,44.28689655172414,0.0,0.0
2024-11-20,44.21551724137931,44.21551724137931,44.21551724137931,44.21551724137931,0.0,0.0
2024-11-21,44.144137931034486,44.144137931034486,44.144137931034486,44.144137931034486,0.0,0.0
2024-11-22,44.072758620689655,44.072758620689655,44.072758620689655,44.072758620689655,0.0,0.0
2024-11-25,44.00137931034483,44.00137931034483,44.00137931034483,44.00137931034483,0.0,0.0
2024-11-26,43.93,43.93,43.93,43.93,130.0,-0.045
2024-11-27,43.94,43.94,43.94,43.94,10.0,0.0002
2024-11-28,43.78846153846153,43.78846153846153,43.78846153846153,43.78846153846153,0.0,0.0
2024-11-29,43.636923076923075,43.636923076923075,43.636923076923075,43.636923076923075,0.0,0.0
2024-12-02,43.48538461538461,43.48538461538461,43.48538461538461,43.48538461538461,0.0,0.0
2024-12-03,43.33384615384615,43.33384615384615,43.33384615384615,43.33384615384615,0.0,0.0
2024-12-04,43.18230769230769,43.18230769230769,43.18230769230769,43.18230769230769,0.0,0.0
2024-12-05,43.03076923076923,43.03076923076923,43.03076923076923,43.03076923076923,0.0,0.0
2024-12-06,42.879230769230766,42.879230769230766,42.879230769230766,42.879230769230766,0.0,0.0
2024-12-09,42.72769230769231,42.72769230769231,42.72769230769231,42.72769230769231,0.0,0.0
2024-12-10,42.576153846153844,42.576153846153844,42.576153846153844,42.576153846153844,0.0,0.0
2024-12-11,42.424615384615386,42.424615384615386,42.424615384615386,42.424615384615386,0.0,0.0
2024-12-12,42.27307692307692,42.27307692307692,42.27307692307692,42.27307692307692,0.0,0.0
2024-12-13,42.121538461538464,42.121538461538464,42.121538461538464,42.121538461538464,0.0,0.0
2024-12-16,41.97,41.97,41.97,41.97,170.0,-0.044800000000000006
2024-12-17,42.44,42.44,42.44,42.44,0.0,0.0
2024-12-18,42.91,42.91,42.91,42.91,0.0,0.0
2024-12-19,43.38,43.38,43.38,43.38,0.0,0.0
2024-12-20,43.85,43.85,43.85,43.85,17080.0,0.044800000000000006
2024-12-23,43.89,43.89,43.89,43.89,0.0,0.0
2024-12-24,43.93,43.93,43.93,43.93,0.0,0.0
2024-12-25,43.97,43.97,43.97,43.97,0.0,0.0
2024-12-26,44.01,44.01,44.01,44.01,70.0,0.0036
2024-12-27,44.67333333333333,44.67333333333333,44.67333333333333,44.67333333333333,0.0,0.0
2024-12-30,45.336666666666666,45.336666666666666,45.336666666666666,45.336666666666666,0.0,0.0
2024-12-31,46.0,46.0,46.0,46.0,320.0,0.0452
2025-01-01,46.0,46.0,46.0,46.0,0.0,0.0
2025-01-02,46.0,46.0,46.0,46.0,0.0,0.0
2025-01-03,46.0,46.0,46.0,46.0,0.0,0.0
2025-01-06,46.0,46.0,46.0,46.0,0.0,0.0
2025-01-07,46.0,46.0,46.0,46.0,0.0,0.0
2025-01-08,46.0,46.0,46.0,46.0,0.0,0.0
2025-01-09,46.0,46.0,46.0,46.0,0.0,0.0
2025-01-10,46.0,46.0,46.0,46.0,370.0,0.0
2025-01-13,48.0,48.0,48.0,48.0,0.0,0.0435
2025-01-14,47.0,47.0,47.0,47.0,0.0,0.0
2025-01-15,46.0,46.0,46.0,46.0,10.0,-0.0417
2025-01-16,46.0,46.0,46.0,46.0,0.0,0.0
2025-01-17,46.0,46.0,46.0,46.0,0.0,0.0
2025-01-20,46.0,46.0,46.0,46.0,0.0,0.0
2025-01-21,46.0,46.0,46.0,46.0,10.0,0.0
2025-01-22,46.5,46.5,46.5,46.5,0.0,0.0
2025-01-23,47.0,47.0,47.0,47.0,0.0,0.0
2025-01-24,47.5,47.5,47.5,47.5,0.0,0.0
2025-01-27,48.0,48.0,48.0,48.0,60.0,0.0435
2025-01-28,48.0,48.0,48.0,48.0,0.0,0.0
2025-01-29,48.0,48.0,48.0,48.0,0.0,0.0
2025-01-30,48.0,48.0,48.0,48.0,0.0,0.0
2025-01-31,48.0,48.0,48.0,48.0,0.0,0.0
2025-02-03,48.0,48.0,48.0,48.0,40.0,0.0
2025-02-04,47.30166666666667,47.29666666666667,47.30166666666667,47.29666666666667,0.0,0.0
2025-02-05,46.60333333333333,46.593333333333334,46.60333333333333,46.593333333333334,0.0,0.0
2025-02-06,45.905,45.89,45.905,45.89,0.0,0.0
2025-02-07,45.20666666666667,45.18666666666667,45.20666666666667,45.18666666666667,0.0,0.0
2025-02-10,44.50833333333333,44.483333333333334,44.50833333333333,44.483333333333334,0.0,0.0
2025-02-11,43.81,43.78,43.81,43.78,870.0,-0.0873
2025-02-12,45.5,45.5,45.5,45.5,10.0,0.038599999999999995
2025-02-13,45.527,45.527,45.527,45.527,0.0,0.0
2025-02-14,45.554,45.554,45.554,45.554,0.0,0.0
2025-02-17,45.581,45.581,45.581,45.581,0.0,0.0
2025-02-18,45.608000000000004,45.608000000000004,45.608000000000004,45.608000000000004,0.0,0.0
2025-02-19,45.635000000000005,45.635000000000005,45.635000000000005,45.635000000000005,0.0,0.0
2025-02-20,45.662,45.662,45.662,45.662,0.0,0.0
2025-02-21,45.689,45.689,45.689,45.689,0.0,0.0
2025-02-24,45.716,45.716,45.716,45.716,0.0,0.0
2025-02-25,45.743,45.743,45.743,45.743,0.0,0.0
2025-02-26,45.77,45.77,45.77,45.77,20.0,0.0059
2025-02-27,46.0,46.0,46.0,46.0,10.0,0.005
2025-02-28,45.5,45.5,45.5,45.5,0.0,0.0
2025-03-03,45.0,45.0,45.0,45.0,120.0,-0.0217
2025-03-04,45.0,45.0,45.0,45.0,0.0,0.0
2025-03-05,45.0,45.0,45.0,45.0,10.0,0.0
2025-03-06,45.333333333333336,45.333333333333336,45.333333333333336,45.333333333333336,0.0,0.0
2025-03-07,45.666666666666664,45.666666666666664,45.666666666666664,45.666666666666664,0.0,0.0
2025-03-10,46.0,46.0,46.0,46.0,10.0,0.0222
2025-03-11,45.99,45.99,45.99,45.99,330.0,-0.0002
2025-03-12,45.995000000000005,45.995000000000005,45.995000000000005,45.995000000000005,0.0,0.0
2025-03-13,46.0,46.0,46.0,46.0,30.0,0.0002
2025-03-14,46.0,46.0,46.0,46.0,10.0,0.0
2025-03-17,46.0,46.0,46.0,46.0,0.0,0.0
2025-03-18,46.0,46.0,46.0,46.0,10.0,0.0
2025-03-19,45.99,45.99,45.99,45.99,30.0,-0.0002
2025-03-20,45.99,45.99,45.99,45.99,0.0,0.0
2025-03-21,45.99,45.99,45.99,45.99,10.0,0.0
2025-03-24,45.995000000000005,45.995000000000005,45.995000000000005,45.995000000000005,0.0,0.0
2025-03-25,46.0,46.0,46.0,46.0,20.0,0.0002
2025-03-26,46.0,46.0,46.0,46.0,320.0,0.0
2025-03-27,45.99,45.99,45.99,45.99,0.0,-0.0002
2025-03-28,45.5,45.5,45.5,45.5,10.0,-0.010700000000000001
2025-03-31,45.5,45.5,45.5,45.5,0.0,0.0
2025-04-01,45.5,45.5,45.5,45.5,0.0,0.0
2025-04-02,45.5,45.5,45.5,45.5,0.0,0.0
2025-04-03,45.5,45.5,45.5,45.5,0.0,0.0
2025-04-04,45.5,45.5,45.5,45.5,0.0,0.0
2025-04-07,45.5,45.5,45.5,45.5,0.0,0.0
2025-04-08,45.5,45.5,45.5,45.5,0.0,0.0
2025-04-09,45.5,45.5,45.5,45.5,0.0,0.0
2025-04-10,45.5,45.5,45.5,45.5,20.0,0.0
2025-04-11,45.5,45.5,45.5,45.5,0.0,0.0
2025-04-14,45.5,45.5,45.5,45.5,0.0,0.0
2025-04-15,45.5,45.5,45.5,45.5,0.0,0.0
2025-04-16,45.5,45.5,45.5,45.5,0.0,0.0
2025-04-17,45.5,45.5,45.5,45.5,0.0,0.0
2025-04-18,45.5,45.5,45.5,45.5,0.0,0.0
2025-04-21,45.5,45.5,45.5,45.5,0.0,0.0
2025-04-22,45.5,45.5,45.5,45.5,130.0,0.0
2025-04-23,45.5,45.5,45.5,45.5,190.0,0.0
2025-04-24,44.0,45.5,45.5,44.0,10.0,-0.033
2025-04-25,44.0,44.0,44.0,44.0,70.0,0.0
2025-04-28,44.75,44.75,44.75,44.75,0.0,0.0
2025-04-29,45.5,45.5,45.5,45.5,20.0,0.0341
2025-04-30,45.666666666666664,45.666666666666664,45.666666666666664,45.666666666666664,0.0,0.0
2025-05-01,45.833333333333336,45.833333333333336,45.833333333333336,45.833333333333336,0.0,0.0
2025-05-02,46.0,46.0,46.0,46.0,0.0,0.011000000000000001
2025-05-05,48.0,48.0,48.0,48.0,0.0,0.0435
2025-05-06,48.666666666666664,48.666666666666664,48.666666666666664,48.666666666666664,0.0,0.0
2025-05-07,49.333333333333336,49.333333333333336,49.333333333333336,49.333333333333336,0.0,0.0
2025-05-08,50.0,50.0,50.0,50.0,0.0,0.0417
2025-05-09,49.99666666666667,49.99666666666667,49.99666666666667,49.99666666666667,0.0,0.0
2025-05-12,49.99333333333333,49.99333333333333,49.99333333333333,49.99333333333333,0.0,0.0
2025-05-13,49.99,49.99,49.99,49.99,0.0,-0.0002
2025-05-14,49.99,49.99,49.99,49.99,0.0,0.0
2025-05-15,49.99,49.99,49.99,49.99,0.0,0.0
2025-05-16,49.99,49.99,49.99,49.99,100.0,0.0
2025-05-19,49.99,49.99,49.99,49.99,0.0,0.0
2025-05-20,49.99,49.99,49.99,49.99,0.0,0.0
2025-05-21,49.99,49.99,49.99,49.99,0.0,0.0
2025-05-22,49.99,49.99,49.99,49.99,360.0,0.0
2025-05-23,49.24333333333333,49.24333333333333,49.24333333333333,49.24333333333333,0.0,0.0
2025-05-26,48.49666666666667,48.49666666666667,48.49666666666667,48.49666666666667,0.0,0.0
2025-05-27,47.75,47.75,47.75,47.75,10.0,-0.044800000000000006
2025-05-28,46.68,46.68,46.68,46.68,0.0,0.0
2025-05-29,45.61,45.61,45.61,45.61,0.0,-0.044800000000000006
2025-05-30,45.61,45.61,45.61,45.61,0.0,0.0
2025-06-02,46.99,46.99,46.99,46.99,0.0,0.030299999999999997
2025-06-03,47.0,47.0,47.0,47.0,50.0,0.0002
2025-06-04,46.778888888888886,46.778888888888886,46.778888888888886,46.778888888888886,0.0,0.0
2025-06-05,46.55777777777778,46.55777777777778,46.55777777777778,46.55777777777778,0.0,0.0
2025-06-06,46.336666666666666,46.336666666666666,46.336666666666666,46.336666666666666,0.0,0.0
2025-06-09,46.11555555555555,46.11555555555555,46.11555555555555,46.11555555555555,0.0,0.0
2025-06-10,45.894444444444446,45.894444444444446,45.894444444444446,45.894444444444446,0.0,0.0
2025-06-11,45.67333333333333,45.67333333333333,45.67333333333333,45.67333333333333,0.0,0.0
2025-06-12,45.45222222222222,45.45222222222222,45.45222222222222,45.45222222222222,0.0,0.0
2025-06-13,45.23111111111111,45.23111111111111,45.23111111111111,45.23111111111111,0.0,0.0
2025-06-16,45.01,45.01,45.01,45.01,30.0,-0.042300000000000004
2025-06-17,45.00666666666667,45.00666666666667,45.00666666666667,45.00666666666667,0.0,0.0
2025-06-18,45.00333333333333,45.00333333333333,45.00333333333333,45.00333333333333,0.0,0.0
2025-06-19,45.0,45.0,45.0,45.0,30.0,-0.0002
2025-06-20,43.0,43.0,43.0,43.0,30.0,-0.0444
2025-06-23,43.0,43.0,43.0,43.0,60.0,0.0
2025-06-24,44.975,44.975,44.975,44.975,0.0,0.0
2025-06-25,46.95,46.95,46.95,46.95,0.0,0.0919
2025-06-26,45.895,45.895,45.895,45.895,0.0,0.0
2025-06-27,44.84,44.84,44.84,44.84,10.0,-0.0449
2025-06-30,45.59,45.59,45.59,45.59,0.0,0.0
2025-07-01,46.34,46.34,46.34,46.34,0.0,0.0335
2025-07-02,48.42,48.42,48.42,48.42,0.0,0.0449
2025-07-03,48.24333333333333,48.24333333333333,48.24333333333333,48.24333333333333,0.0,0.0
2025-07-04,48.06666666666667,48.06666666666667,48.06666666666667,48.06666666666667,0.0,0.0
2025-07-07,47.89,47.89,47.89,47.89,0.0,0.0
2025-07-08,47.71333333333333,47.71333333333333,47.71333333333333,47.71333333333333,0.0,0.0
2025-07-09,47.53666666666667,47.53666666666667,47.53666666666667,47.53666666666667,0.0,0.0
2025-07-10,47.36,47.36,47.36,47.36,0.0,0.0
2025-07-11,47.18333333333333,47.18333333333333,47.18333333333333,47.18333333333333,0.0,0.0
2025-07-14,47.00666666666667,47.00666666666667,47.00666666666667,47.00666666666667,0.0,0.0
2025-07-15,46.83,46.83,46.83,46.83,0.0,0.0
2025-07-16,46.65333333333333,46.65333333333333,46.65333333333333,46.65333333333333,0.0,0.0
2025-07-17,46.47666666666667,46.47666666666667,46.47666666666667,46.47666666666667,0.0,0.0
2025-07-18,46.3,46.3,46.3,46.3,20.0,-0.0438
2025-07-21,45.0,45.0,45.0,45.0,1700.0,-0.0281
2025-07-22,45.0,45.0,45.0,45.0,440.0,0.0
2025-07-23,45.0,45.0,45.0,45.0,2260.0,0.0
2025-07-24,45.0,45.0,45.0,45.0,1290.0,0.0
2025-07-25,45.0,45.0,45.0,45.0,0.0,0.0
2025-07-28,45.0,45.0,45.0,45.0,0.0,0.0
2025-07-29,45.0,45.0,45.0,45.0,0.0,0.0
2025-07-30,45.0,45.0,45.0,45.0,60.0,0.0
2025-07-31,45.0,45.0,45.0,45.0,0.0,0.0
2025-08-01,45.0,45.0,45.0,45.0,20.0,0.0
2025-08-04,44.0,45.0,45.0,44.0,60.0,-0.0222
2025-08-05,44.62,44.5,44.62,44.5,250.0,0.0141
2025-08-06,45.0,45.0,45.0,45.0,30.0,0.0085
2025-08-07,45.0,45.0,45.0,45.0,15.0,0.0
